ISO-10303-21;
HEADER;
FILE_DESCRIPTION(('ViewDefinition[DesignTransferView]'),'2;1');
FILE_NAME('S03.ifc','2026-09-30T15:40:33+08:00',(''),(''),'IfcOpenShell 0.8.5-post1','Bonsai 0.8.5-post1','Nobody');
FILE_SCHEMA(('IFC4'));
ENDSEC;
DATA;
#1=IFCPROJECT('146gzhszL2NgOU6E53hFIB',$,'My Project',$,$,$,$,(#10,#22),#5);
#2=IFCSIUNIT(*,.LENGTHUNIT.,$,.METRE.);
#3=IFCSIUNIT(*,.AREAUNIT.,$,.SQUARE_METRE.);
#4=IFCSIUNIT(*,.VOLUMEUNIT.,$,.CUBIC_METRE.);
#5=IFCUNITASSIGNMENT((#3,#4,#2));
#6=IFCCARTESIANPOINT((0.,0.,0.));
#7=IFCDIRECTION((0.,0.,1.));
#8=IFCDIRECTION((1.,0.,0.));
#9=IFCAXIS2PLACEMENT3D(#6,#7,#8);
#10=IFCGEOMETRICREPRESENTATIONCONTEXT($,'Model',3,1.0000000000000001E-05,#9,$);
#11=IFCGEOMETRICREPRESENTATIONSUBCONTEXT('Body','Model',*,*,*,*,#10,$,.MODEL_VIEW.,$);
#12=IFCGEOMETRICREPRESENTATIONSUBCONTEXT('Axis','Model',*,*,*,*,#10,$,.GRAPH_VIEW.,$);
#13=IFCGEOMETRICREPRESENTATIONSUBCONTEXT('Box','Model',*,*,*,*,#10,$,.MODEL_VIEW.,$);
#14=IFCGEOMETRICREPRESENTATIONSUBCONTEXT('Annotation','Model',*,*,*,*,#10,$,.SECTION_VIEW.,$);
#15=IFCGEOMETRICREPRESENTATIONSUBCONTEXT('Annotation','Model',*,*,*,*,#10,$,.ELEVATION_VIEW.,$);
#16=IFCGEOMETRICREPRESENTATIONSUBCONTEXT('Annotation','Model',*,*,*,*,#10,$,.MODEL_VIEW.,$);
#17=IFCGEOMETRICREPRESENTATIONSUBCONTEXT('Annotation','Model',*,*,*,*,#10,$,.PLAN_VIEW.,$);
#18=IFCGEOMETRICREPRESENTATIONSUBCONTEXT('Profile','Model',*,*,*,*,#10,$,.ELEVATION_VIEW.,$);
#19=IFCCARTESIANPOINT((0.,0.));
#20=IFCDIRECTION((1.,0.));
#21=IFCAXIS2PLACEMENT2D(#19,#20);
#22=IFCGEOMETRICREPRESENTATIONCONTEXT($,'Plan',2,1.0000000000000001E-05,#21,$);
#23=IFCGEOMETRICREPRESENTATIONSUBCONTEXT('Axis','Plan',*,*,*,*,#22,$,.GRAPH_VIEW.,$);
#24=IFCGEOMETRICREPRESENTATIONSUBCONTEXT('Body','Plan',*,*,*,*,#22,$,.PLAN_VIEW.,$);
#25=IFCGEOMETRICREPRESENTATIONSUBCONTEXT('Annotation','Plan',*,*,*,*,#22,$,.PLAN_VIEW.,$);
#26=IFCGEOMETRICREPRESENTATIONSUBCONTEXT('Annotation','Plan',*,*,*,*,#22,$,.REFLECTED_PLAN_VIEW.,$);
#27=IFCSITE('0eP$V9jlX0x96ZfpiS7opI',$,'My Site',$,$,#50,$,$,$,$,$,$,$,$);
#33=IFCBUILDING('20HPz6CQT0ZOlX$nTET7uy',$,'My Building',$,$,#56,$,$,$,$,$,$);
#39=IFCBUILDINGSTOREY('08tqbLYdfE$hhtZPU2ytUF',$,'GF',$,$,#62,$,$,$,$);
#45=IFCRELAGGREGATES('260YY61Uf4p8dHPkIcveUs',$,$,$,#1,(#27));
#46=IFCCARTESIANPOINT((0.,0.,0.));
#47=IFCDIRECTION((0.,0.,1.));
#48=IFCDIRECTION((1.,0.,0.));
#49=IFCAXIS2PLACEMENT3D(#46,#47,#48);
#50=IFCLOCALPLACEMENT($,#49);
#51=IFCRELAGGREGATES('1ygGNdQDr5xA2dnPRSh6q7',$,$,$,#27,(#33));
#52=IFCCARTESIANPOINT((0.,0.,0.));
#53=IFCDIRECTION((0.,0.,1.));
#54=IFCDIRECTION((1.,0.,0.));
#55=IFCAXIS2PLACEMENT3D(#52,#53,#54);
#56=IFCLOCALPLACEMENT(#50,#55);
#57=IFCRELAGGREGATES('0fo1AfKW51xABRi_CT$So4',$,$,$,#33,(#4894,#39,#5086));
#58=IFCCARTESIANPOINT((0.,0.,0.));
#59=IFCDIRECTION((0.,0.,1.));
#60=IFCDIRECTION((1.,0.,0.));
#61=IFCAXIS2PLACEMENT3D(#58,#59,#60);
#62=IFCLOCALPLACEMENT(#56,#61);
#65=IFCWALLTYPE('2mxbJErIH8chk7r2oHbNxC',$,'Wall - 2nd',$,$,(#70),$,$,$,.SOLIDWALL.);
#66=IFCMATERIAL('Unknown',$,$);
#67=IFCMATERIALLAYERSET((#69),$,$);
#68=IFCRELASSOCIATESMATERIAL('3vIy3oVZ92Fg5hlHhuS3$r',$,$,$,(#65),#67);
#69=IFCMATERIALLAYER(#66,0.10000000000000001,$,$,$,$,$);
#70=IFCPROPERTYSET('1YmwQgG3n1DfJkgyM8q84t',$,'EPset_Parametric',$,(#71));
#71=IFCPROPERTYSINGLEVALUE('LayerSetDirection',$,IFCLABEL('AXIS2'),$);
#72=IFCWALL('3WIp$0v8v9ugYwBwooRaLM',$,'Wall',$,$,#1346,#80,$,$);
#73=IFCRELCONTAINEDINSPATIALSTRUCTURE('2vUIfe4Cb8YBaOCP4Iny8M',$,$,$,(#72,#3054,#565,#237,#851,#137,#590,#162,#4104,#4785,#1366,#1608,#4416,#3615,#2762,#262,#2180,#876,#187,#212,#112,#695),#39);
#74=IFCRELDEFINESBYTYPE('3DnsgL6811_eXR7d7IT8Q$',$,$,$,(#565,#851,#5165,#137,#5340,#237,#590,#5265,#162,#5936,#5190,#6012,#5290,#695,#876,#262,#5828,#187,#5215,#212,#5115,#5140,#5974,#112,#5315,#5853,#5240,#72),#65);
#75=IFCMATERIALLAYERSETUSAGE(#67,.AXIS2.,.POSITIVE.,0.,$);
#76=IFCRELASSOCIATESMATERIAL('3YIPGBU292sf$btBU$usj_',$,$,$,(#72),#75);
#80=IFCPRODUCTDEFINITIONSHAPE($,$,(#1341,#1338));
#96=IFCPROPERTYSET('0K7P_tdS9CzvxZddADPM70',$,'EPset_Parametric',$,(#98));
#97=IFCRELDEFINESBYPROPERTIES('0W30Jjq$f3tv0_1AEYrhUq',$,$,$,(#72),#96);
#98=IFCPROPERTYSINGLEVALUE('Engine',$,IFCLABEL('Bonsai.DumbLayer2'),$);
#112=IFCWALL('2JZ0EzX913CBj9NU0d5N_e',$,'Wall',$,$,#123,#118,$,$);
#113=IFCMATERIALLAYERSETUSAGE(#67,.AXIS2.,.POSITIVE.,0.,$);
#114=IFCRELASSOCIATESMATERIAL('0qVlZY_rPEL9FA0wDHZj_B',$,$,$,(#112),#113);
#118=IFCPRODUCTDEFINITIONSHAPE($,$,(#1327,#1324));
#119=IFCCARTESIANPOINT((4.2283482551574707,-2.610029935836792,0.));
#120=IFCDIRECTION((0.,0.,1.));
#121=IFCDIRECTION((7.5497901264043109E-08,0.99999999999999711,0.));
#122=IFCAXIS2PLACEMENT3D(#119,#120,#121);
#123=IFCLOCALPLACEMENT(#62,#122);
#134=IFCPROPERTYSET('2d9kBbU6zEFwHdFlMbDNuI',$,'EPset_Parametric',$,(#136));
#135=IFCRELDEFINESBYPROPERTIES('0MTSLiTBn7YPoqNk9B6yyZ',$,$,$,(#112),#134);
#136=IFCPROPERTYSINGLEVALUE('Engine',$,IFCLABEL('Bonsai.DumbLayer2'),$);
#137=IFCWALL('1gguw5MBj4Eg6yRq54ErbV',$,'Wall',$,$,#396,#143,$,$);
#138=IFCMATERIALLAYERSETUSAGE(#67,.AXIS2.,.POSITIVE.,0.,$);
#139=IFCRELASSOCIATESMATERIAL('2YvChFFKH0hRplqFRN0UYs',$,$,$,(#137),#138);
#143=IFCPRODUCTDEFINITIONSHAPE($,$,(#441,#438));
#159=IFCPROPERTYSET('0$rnuvcPDEdgLRo7YU3sCr',$,'EPset_Parametric',$,(#161));
#160=IFCRELDEFINESBYPROPERTIES('07Zv1vLi54xwJ8rEqcobbC',$,$,$,(#137),#159);
#161=IFCPROPERTYSINGLEVALUE('Engine',$,IFCLABEL('Bonsai.DumbLayer2'),$);
#162=IFCWALL('2KG21sDdT86u4UvquZbBMP',$,'Wall',$,$,#428,#168,$,$);
#163=IFCMATERIALLAYERSETUSAGE(#67,.AXIS2.,.POSITIVE.,0.,$);
#164=IFCRELASSOCIATESMATERIAL('2E49Zgt398IOyNKbC2vKlK',$,$,$,(#162),#163);
#168=IFCPRODUCTDEFINITIONSHAPE($,$,(#468,#465));
#184=IFCPROPERTYSET('3bPi4OPbv7yRcbWcAdagj8',$,'EPset_Parametric',$,(#186));
#185=IFCRELDEFINESBYPROPERTIES('0l2FL1XcLC1Qtqg1oEeD5Y',$,$,$,(#162),#184);
#186=IFCPROPERTYSINGLEVALUE('Engine',$,IFCLABEL('Bonsai.DumbLayer2'),$);
#187=IFCWALL('23PsHqZmT7vfdgir96W_aY',$,'Wall',$,$,#198,#193,$,$);
#188=IFCMATERIALLAYERSETUSAGE(#67,.AXIS2.,.POSITIVE.,0.,$);
#189=IFCRELASSOCIATESMATERIAL('2hXgePJJ1F1f_Cu5ps5nCP',$,$,$,(#187),#188);
#193=IFCPRODUCTDEFINITIONSHAPE($,$,(#1182,#1179));
#194=IFCCARTESIANPOINT((0.77834880352020264,5.0399694442749023,0.));
#195=IFCDIRECTION((0.,0.,1.));
#196=IFCDIRECTION((-0.99999999999992428,3.8941436741876494E-07,0.));
#197=IFCAXIS2PLACEMENT3D(#194,#195,#196);
#198=IFCLOCALPLACEMENT(#62,#197);
#209=IFCPROPERTYSET('3zp10Ldrz31Ow$mfZxWwp3',$,'EPset_Parametric',$,(#211));
#210=IFCRELDEFINESBYPROPERTIES('1YpNInv758QuVPksziYL7q',$,$,$,(#187),#209);
#211=IFCPROPERTYSINGLEVALUE('Engine',$,IFCLABEL('Bonsai.DumbLayer2'),$);
#212=IFCWALL('2J22Wq9jz9w8lPfKXtzUlE',$,'Wall',$,$,#487,#218,$,$);
#213=IFCMATERIALLAYERSETUSAGE(#67,.AXIS2.,.POSITIVE.,0.,$);
#214=IFCRELASSOCIATESMATERIAL('0_keZPo8b898k3fV3t$xgV',$,$,$,(#212),#213);
#218=IFCPRODUCTDEFINITIONSHAPE($,$,(#694,#691));
#234=IFCPROPERTYSET('3wI3pv89r2KBoQIdGYFTe3',$,'EPset_Parametric',$,(#236));
#235=IFCRELDEFINESBYPROPERTIES('2Q2ShlyS9C3uDoWgocEkMG',$,$,$,(#212),#234);
#236=IFCPROPERTYSINGLEVALUE('Engine',$,IFCLABEL('Bonsai.DumbLayer2'),$);
#237=IFCWALL('0tm_jFtcPDWBNDZ1BgXeR2',$,'Wall',$,$,#519,#243,$,$);
#238=IFCMATERIALLAYERSETUSAGE(#67,.AXIS2.,.POSITIVE.,0.,$);
#239=IFCRELASSOCIATESMATERIAL('1CkGTNWNzA1vqVSepBiIq_',$,$,$,(#237),#238);
#243=IFCPRODUCTDEFINITIONSHAPE($,$,(#564,#561));
#259=IFCPROPERTYSET('3vFhahP8vEmx6sybXTkrrR',$,'EPset_Parametric',$,(#261));
#260=IFCRELDEFINESBYPROPERTIES('2_ZA$YegT70v$fBhccMZ6x',$,$,$,(#237),#259);
#261=IFCPROPERTYSINGLEVALUE('Engine',$,IFCLABEL('Bonsai.DumbLayer2'),$);
#262=IFCWALL('0qb1Es1cr6txbBWjCMiV4x',$,'Wall',$,$,#551,#268,$,$);
#263=IFCMATERIALLAYERSETUSAGE(#67,.AXIS2.,.POSITIVE.,0.,$);
#264=IFCRELASSOCIATESMATERIAL('24em79vgfFxw3pnZLuPjON',$,$,$,(#262),#263);
#268=IFCPRODUCTDEFINITIONSHAPE($,$,(#1359,#1356));
#284=IFCPROPERTYSET('1l01VbY499ev8cfzmJPnQI',$,'EPset_Parametric',$,(#286));
#285=IFCRELDEFINESBYPROPERTIES('3_6g$2QvXB4f$icpCR7Brv',$,$,$,(#262),#284);
#286=IFCPROPERTYSINGLEVALUE('Engine',$,IFCLABEL('Bonsai.DumbLayer2'),$);
#378=IFCRELCONNECTSPATHELEMENTS('23OlOdS0n0neIXM9Azzo3Q',$,$,$,$,#137,#112,(),(),.ATEND.,.ATSTART.);
#392=IFCCARTESIANPOINT((4.2283489436983039,6.5099697113037429,0.));
#393=IFCDIRECTION((0.,0.,1.));
#394=IFCDIRECTION((-0.99999999999998868,-1.5099580252808492E-07,0.));
#395=IFCAXIS2PLACEMENT3D(#392,#393,#394);
#396=IFCLOCALPLACEMENT(#62,#395);
#410=IFCRELCONNECTSPATHELEMENTS('3e8vFGILH7nOZuUq3GccLj',$,$,$,$,#162,#137,(),(),.ATEND.,.ATSTART.);
#424=IFCCARTESIANPOINT((0.77834868431091642,6.5099691903681851,0.));
#425=IFCDIRECTION((0.,0.,1.));
#426=IFCDIRECTION((7.5497901264043123E-08,-0.99999999999999722,0.));
#427=IFCAXIS2PLACEMENT3D(#424,#425,#426);
#428=IFCLOCALPLACEMENT(#62,#427);
#429=IFCCARTESIANPOINTLIST2D(((0.,0.),(0.10000002264937295,0.10000000000000001),(3.3500002669372169,0.10000000000000001),(3.4500002593874268,0.)));
#430=IFCINDEXEDPOLYCURVE(#429,(IFCLINEINDEX((1,2,3,4,1))),$);
#431=IFCARBITRARYCLOSEDPROFILEDEF(.AREA.,$,#430);
#432=IFCCARTESIANPOINT((0.,0.,0.));
#433=IFCDIRECTION((0.,0.,1.));
#434=IFCDIRECTION((1.,0.,0.));
#435=IFCAXIS2PLACEMENT3D(#432,#433,#434);
#436=IFCDIRECTION((0.,0.,1.));
#437=IFCEXTRUDEDAREASOLID(#431,#435,#436,3.);
#438=IFCSHAPEREPRESENTATION(#11,'Body','SweptSolid',(#437));
#439=IFCCARTESIANPOINTLIST2D(((0.,0.),(3.4500002593874268,0.)));
#440=IFCINDEXEDPOLYCURVE(#439,$,$);
#441=IFCSHAPEREPRESENTATION(#23,'Axis','Curve2D',(#440));
#442=IFCRELCONNECTSPATHELEMENTS('3yQI2$hDrCQ9akVds1zBw7',$,$,$,$,#187,#162,(),(),.ATEND.,.ATSTART.);
#456=IFCCARTESIANPOINTLIST2D(((0.,0.),(0.099999992450210171,0.10000000000000001),(1.569999792584521,0.10000000000000001),(1.4699997460932834,0.)));
#457=IFCINDEXEDPOLYCURVE(#456,(IFCLINEINDEX((1,2,3,4,1))),$);
#458=IFCARBITRARYCLOSEDPROFILEDEF(.AREA.,$,#457);
#459=IFCCARTESIANPOINT((0.,0.,0.));
#460=IFCDIRECTION((0.,0.,1.));
#461=IFCDIRECTION((1.,0.,0.));
#462=IFCAXIS2PLACEMENT3D(#459,#460,#461);
#463=IFCDIRECTION((0.,0.,1.));
#464=IFCEXTRUDEDAREASOLID(#458,#462,#463,3.);
#465=IFCSHAPEREPRESENTATION(#11,'Body','SweptSolid',(#464));
#466=IFCCARTESIANPOINTLIST2D(((0.,0.),(1.4699997460932834,0.)));
#467=IFCINDEXEDPOLYCURVE(#466,$,$);
#468=IFCSHAPEREPRESENTATION(#23,'Axis','Curve2D',(#467));
#469=IFCRELCONNECTSPATHELEMENTS('3vWanag2L0cBzKluPKqaCA',$,$,$,$,#212,#187,(),(),.ATEND.,.ATSTART.);
#483=IFCCARTESIANPOINT((-2.7816510200501177,5.0399708305899811,0.));
#484=IFCDIRECTION((0.,0.,1.));
#485=IFCDIRECTION((7.5497901264043123E-08,-0.99999999999999722,0.));
#486=IFCAXIS2PLACEMENT3D(#483,#484,#485);
#487=IFCLOCALPLACEMENT(#62,#486);
#501=IFCRELCONNECTSPATHELEMENTS('3AIE217fHDPeMPc_Zbg1tC',$,$,$,$,#237,#212,(),(),.ATEND.,.ATSTART.);
#515=IFCCARTESIANPOINT((-2.7816506319908827,-0.10002946853637695,0.));
#516=IFCDIRECTION((0.,0.,1.));
#517=IFCDIRECTION((1.,0.,0.));
#518=IFCAXIS2PLACEMENT3D(#515,#516,#517);
#519=IFCLOCALPLACEMENT(#62,#518);
#533=IFCRELCONNECTSPATHELEMENTS('1HsdHAUcPAKeUKIl4YdLpx',$,$,$,$,#262,#237,(),(),.ATEND.,.ATSTART.);
#547=IFCCARTESIANPOINT((0.2183494576775121,-0.10002946853637695,0.));
#548=IFCDIRECTION((0.,0.,1.));
#549=IFCDIRECTION((0.003983562784324165,-0.99999206558229425,0.));
#550=IFCAXIS2PLACEMENT3D(#547,#548,#549);
#551=IFCLOCALPLACEMENT(#62,#550);
#552=IFCCARTESIANPOINTLIST2D(((0.,0.),(0.099999992450210171,0.10000000000000001),(3.0996025236772788,0.10000000000000001),(3.0000000896683949,0.)));
#553=IFCINDEXEDPOLYCURVE(#552,(IFCLINEINDEX((1,2,3,4,1))),$);
#554=IFCARBITRARYCLOSEDPROFILEDEF(.AREA.,$,#553);
#555=IFCCARTESIANPOINT((0.,0.,0.));
#556=IFCDIRECTION((0.,0.,1.));
#557=IFCDIRECTION((1.,0.,0.));
#558=IFCAXIS2PLACEMENT3D(#555,#556,#557);
#559=IFCDIRECTION((0.,0.,1.));
#560=IFCEXTRUDEDAREASOLID(#554,#558,#559,3.);
#561=IFCSHAPEREPRESENTATION(#11,'Body','SweptSolid',(#560));
#562=IFCCARTESIANPOINTLIST2D(((0.,0.),(3.0000000896683949,0.)));
#563=IFCINDEXEDPOLYCURVE(#562,$,$);
#564=IFCSHAPEREPRESENTATION(#23,'Axis','Curve2D',(#563));
#565=IFCWALL('2BfLhLsgzEYP8tBRmvvK$S',$,'Wall',$,$,#576,#571,$,$);
#566=IFCMATERIALLAYERSETUSAGE(#67,.AXIS2.,.POSITIVE.,0.,$);
#567=IFCRELASSOCIATESMATERIAL('3nJxvRg1j9_ePuRwXzDqOe',$,$,$,(#565),#566);
#571=IFCPRODUCTDEFINITIONSHAPE($,$,(#667,#664));
#572=IFCCARTESIANPOINT((0.31795188784599304,-2.9459042707458138E-05,0.));
#573=IFCDIRECTION((0.,0.,1.));
#574=IFCDIRECTION((7.5497901264043109E-08,0.99999999999999711,0.));
#575=IFCAXIS2PLACEMENT3D(#572,#573,#574);
#576=IFCLOCALPLACEMENT(#62,#575);
#587=IFCPROPERTYSET('0mMaqfDC5DUhLGG3moQUqy',$,'EPset_Parametric',$,(#589));
#588=IFCRELDEFINESBYPROPERTIES('19L5Aogfn4ReJaQBbq15OR',$,$,$,(#565),#587);
#589=IFCPROPERTYSINGLEVALUE('Engine',$,IFCLABEL('Bonsai.DumbLayer2'),$);
#590=IFCWALL('2kK7iIVKvDR9SsYgf4sVAu',$,'Wall',$,$,#601,#596,$,$);
#591=IFCMATERIALLAYERSETUSAGE(#67,.AXIS2.,.POSITIVE.,0.,$);
#592=IFCRELASSOCIATESMATERIAL('1$3s17BlD0m93Ti1Nz1Xii',$,$,$,(#590),#591);
#596=IFCPRODUCTDEFINITIONSHAPE($,$,(#681,#678));
#597=IFCCARTESIANPOINT((0.31795209646224976,2.649970531463623,0.));
#598=IFCDIRECTION((0.,0.,1.));
#599=IFCDIRECTION((-0.99999999999998868,-1.5099580252808492E-07,0.));
#600=IFCAXIS2PLACEMENT3D(#597,#598,#599);
#601=IFCLOCALPLACEMENT(#62,#600);
#612=IFCPROPERTYSET('2Atq_688n4qfa62LOYxHJH',$,'EPset_Parametric',$,(#614));
#613=IFCRELDEFINESBYPROPERTIES('1EBaiyIQPEquRQ35ZuBEzS',$,$,$,(#590),#612);
#614=IFCPROPERTYSINGLEVALUE('Engine',$,IFCLABEL('Bonsai.DumbLayer2'),$);
#641=IFCRELCONNECTSPATHELEMENTS('3mlEnF8b5ELetXnUtOnRQP',$,$,$,$,#590,#565,(),(),.ATEND.,.ATSTART.);
#655=IFCCARTESIANPOINTLIST2D(((0.,0.),(0.,0.10000000000000001),(2.5499999678569636,0.10000000000000001),(2.6499999905063367,0.)));
#656=IFCINDEXEDPOLYCURVE(#655,(IFCLINEINDEX((1,2,3,4,1))),$);
#657=IFCARBITRARYCLOSEDPROFILEDEF(.AREA.,$,#656);
#658=IFCCARTESIANPOINT((0.,0.,0.));
#659=IFCDIRECTION((0.,0.,1.));
#660=IFCDIRECTION((1.,0.,0.));
#661=IFCAXIS2PLACEMENT3D(#658,#659,#660);
#662=IFCDIRECTION((0.,0.,1.));
#663=IFCEXTRUDEDAREASOLID(#657,#661,#662,3.);
#664=IFCSHAPEREPRESENTATION(#11,'Body','SweptSolid',(#663));
#665=IFCCARTESIANPOINTLIST2D(((0.,0.),(2.6499999905063367,0.)));
#666=IFCINDEXEDPOLYCURVE(#665,$,$);
#667=IFCSHAPEREPRESENTATION(#23,'Axis','Curve2D',(#666));
#668=IFCRELCONNECTSPATHELEMENTS('16h7XALj55TAI49HlEu$Oy',$,$,$,$,#590,#212,(),(),.ATPATH.,.ATEND.);
#669=IFCCARTESIANPOINTLIST2D(((0.,0.),(0.10000002264937295,0.10000000000000001),(2.9996029350753313,0.10000000000000001),(2.9996029275255411,0.)));
#670=IFCINDEXEDPOLYCURVE(#669,(IFCLINEINDEX((1,2,3,4,1))),$);
#671=IFCARBITRARYCLOSEDPROFILEDEF(.AREA.,$,#670);
#672=IFCCARTESIANPOINT((0.,0.,0.));
#673=IFCDIRECTION((0.,0.,1.));
#674=IFCDIRECTION((1.,0.,0.));
#675=IFCAXIS2PLACEMENT3D(#672,#673,#674);
#676=IFCDIRECTION((0.,0.,1.));
#677=IFCEXTRUDEDAREASOLID(#671,#675,#676,3.);
#678=IFCSHAPEREPRESENTATION(#11,'Body','SweptSolid',(#677));
#679=IFCCARTESIANPOINTLIST2D(((0.,0.),(3.0996029275255417,0.)));
#680=IFCINDEXEDPOLYCURVE(#679,$,$);
#681=IFCSHAPEREPRESENTATION(#23,'Axis','Curve2D',(#680));
#682=IFCCARTESIANPOINTLIST2D(((0.,0.),(0.1000000464912377,0.10000000000000001),(5.0400003066761618,0.10000000000000001),(5.1400002991263722,0.)));
#683=IFCINDEXEDPOLYCURVE(#682,(IFCLINEINDEX((1,2,3,4,1))),$);
#684=IFCARBITRARYCLOSEDPROFILEDEF(.AREA.,$,#683);
#685=IFCCARTESIANPOINT((0.,0.,0.));
#686=IFCDIRECTION((0.,0.,1.));
#687=IFCDIRECTION((1.,0.,0.));
#688=IFCAXIS2PLACEMENT3D(#685,#686,#687);
#689=IFCDIRECTION((0.,0.,1.));
#690=IFCEXTRUDEDAREASOLID(#684,#688,#689,3.);
#691=IFCSHAPEREPRESENTATION(#11,'Body','SweptSolid',(#690));
#692=IFCCARTESIANPOINTLIST2D(((0.,0.),(5.1400002991263722,0.)));
#693=IFCINDEXEDPOLYCURVE(#692,$,$);
#694=IFCSHAPEREPRESENTATION(#23,'Axis','Curve2D',(#693));
#695=IFCWALL('3qUZ_LuMb8r9v2ilgpQrqm',$,'Wall',$,$,#823,#701,$,$);
#696=IFCMATERIALLAYERSETUSAGE(#67,.AXIS2.,.POSITIVE.,0.,$);
#697=IFCRELASSOCIATESMATERIAL('3YyhffpfP2fAdo3tggV2F6',$,$,$,(#695),#696);
#701=IFCPRODUCTDEFINITIONSHAPE($,$,(#1145,#1142));
#717=IFCPROPERTYSET('0W$UuOmZ9BL9Ou4Wp$uU6z',$,'EPset_Parametric',$,(#719));
#718=IFCRELDEFINESBYPROPERTIES('14AzAEV6T56QXQB6yz3loK',$,$,$,(#695),#717);
#719=IFCPROPERTYSINGLEVALUE('Engine',$,IFCLABEL('Bonsai.DumbLayer2'),$);
#819=IFCCARTESIANPOINT((-1.1855823993682861,2.649970531463623,0.));
#820=IFCDIRECTION((0.,0.,1.));
#821=IFCDIRECTION((1.9470718370939353E-07,0.99999999999998113,0.));
#822=IFCAXIS2PLACEMENT3D(#819,#820,#821);
#823=IFCLOCALPLACEMENT(#62,#822);
#824=IFCRELCONNECTSPATHELEMENTS('3iM$rCoD57IeVn8440CTvb',$,$,$,$,#695,#187,(),(),.ATPATH.,.ATEND.);
#851=IFCWALL('1UtCwt6tv4z8nkebICDN6M',$,'Wall',$,$,#1169,#857,$,$);
#852=IFCMATERIALLAYERSETUSAGE(#67,.AXIS2.,.POSITIVE.,0.,$);
#853=IFCRELASSOCIATESMATERIAL('0C2B0Rz2HECAJS9YXanOkX',$,$,$,(#851),#852);
#857=IFCPRODUCTDEFINITIONSHAPE($,$,(#1282,#1279));
#873=IFCPROPERTYSET('38Y5dzPxH8XRsZJ$3ipkMA',$,'EPset_Parametric',$,(#875));
#874=IFCRELDEFINESBYPROPERTIES('2Mie4A0KL1cfwLofRO27hJ',$,$,$,(#851),#873);
#875=IFCPROPERTYSINGLEVALUE('Engine',$,IFCLABEL('Bonsai.DumbLayer2'),$);
#876=IFCWALL('0g2V0l0oHBVuUxb$cKq7YJ',$,'Wall',$,$,#1300,#882,$,$);
#877=IFCMATERIALLAYERSETUSAGE(#67,.AXIS2.,.POSITIVE.,0.,$);
#878=IFCRELASSOCIATESMATERIAL('3WHedCYjfCBvCzRbKr_sNI',$,$,$,(#876),#877);
#882=IFCPRODUCTDEFINITIONSHAPE($,$,(#1295,#1292));
#898=IFCPROPERTYSET('3mbMiN6HjAzuS2WUF83DcC',$,'EPset_Parametric',$,(#900));
#899=IFCRELDEFINESBYPROPERTIES('22v1w$K4fEQuVHc9goLCeN',$,$,$,(#876),#898);
#900=IFCPROPERTYSINGLEVALUE('Engine',$,IFCLABEL('Bonsai.DumbLayer2'),$);
#1114=IFCRELCONNECTSPATHELEMENTS('3sr_cthkjFshgz5dRy4Y0x',$,$,$,$,#876,#695,(),(),.ATPATH.,.ATEND.);
#1133=IFCCARTESIANPOINTLIST2D(((0.,0.),(0.,0.10000000000000001),(2.2899996970648857,0.10000000000000001),(2.2899996775941673,0.)));
#1134=IFCINDEXEDPOLYCURVE(#1133,(IFCLINEINDEX((1,2,3,4,1))),$);
#1135=IFCARBITRARYCLOSEDPROFILEDEF(.AREA.,$,#1134);
#1136=IFCCARTESIANPOINT((0.,0.,0.));
#1137=IFCDIRECTION((0.,0.,1.));
#1138=IFCDIRECTION((1.,0.,0.));
#1139=IFCAXIS2PLACEMENT3D(#1136,#1137,#1138);
#1140=IFCDIRECTION((0.,0.,1.));
#1141=IFCEXTRUDEDAREASOLID(#1135,#1139,#1140,3.);
#1142=IFCSHAPEREPRESENTATION(#11,'Body','SweptSolid',(#1141));
#1143=IFCCARTESIANPOINTLIST2D(((0.,0.),(2.3899996775941696,0.)));
#1144=IFCINDEXEDPOLYCURVE(#1143,$,$);
#1145=IFCSHAPEREPRESENTATION(#23,'Axis','Curve2D',(#1144));
#1151=IFCRELCONNECTSPATHELEMENTS('1W5Iew$rXDTwHpcH8wuudx',$,$,$,$,#851,#187,(),(),.ATPATH.,.ATSTART.);
#1165=IFCCARTESIANPOINT((0.7789396099785133,5.0399694440448339,0.));
#1166=IFCDIRECTION((0.,0.,1.));
#1167=IFCDIRECTION((1.9470718370939353E-07,-0.99999999999998113,0.));
#1168=IFCAXIS2PLACEMENT3D(#1165,#1166,#1167);
#1169=IFCLOCALPLACEMENT(#62,#1168);
#1170=IFCCARTESIANPOINTLIST2D(((0.,0.),(-0.10000004649123767,0.10000000000000001),(3.4599997688519619,0.10000000000000001),(3.5599998153431995,0.)));
#1171=IFCINDEXEDPOLYCURVE(#1170,(IFCLINEINDEX((1,2,3,4,1))),$);
#1172=IFCARBITRARYCLOSEDPROFILEDEF(.AREA.,$,#1171);
#1173=IFCCARTESIANPOINT((0.,0.,0.));
#1174=IFCDIRECTION((0.,0.,1.));
#1175=IFCDIRECTION((1.,0.,0.));
#1176=IFCAXIS2PLACEMENT3D(#1173,#1174,#1175);
#1177=IFCDIRECTION((0.,0.,1.));
#1178=IFCEXTRUDEDAREASOLID(#1172,#1176,#1177,3.);
#1179=IFCSHAPEREPRESENTATION(#11,'Body','SweptSolid',(#1178));
#1180=IFCCARTESIANPOINTLIST2D(((0.,0.),(3.5599998153431995,0.)));
#1181=IFCINDEXEDPOLYCURVE(#1180,$,$);
#1182=IFCSHAPEREPRESENTATION(#23,'Axis','Curve2D',(#1181));
#1269=IFCRELCONNECTSPATHELEMENTS('3D479XbFn1AAHgbEV1dyDS',$,$,$,$,#851,#876,(),(),.ATSTART.,.ATEND.);
#1270=IFCCARTESIANPOINTLIST2D(((0.10000000000001708,0.),(0.10000005841217219,0.10000000000000001),(1.5731941804966516,0.10000000000000001),(1.4731941220844793,0.)));
#1271=IFCINDEXEDPOLYCURVE(#1270,(IFCLINEINDEX((1,2,3,4,1))),$);
#1272=IFCARBITRARYCLOSEDPROFILEDEF(.AREA.,$,#1271);
#1273=IFCCARTESIANPOINT((0.,0.,0.));
#1274=IFCDIRECTION((0.,0.,1.));
#1275=IFCDIRECTION((1.,0.,0.));
#1276=IFCAXIS2PLACEMENT3D(#1273,#1274,#1275);
#1277=IFCDIRECTION((0.,0.,1.));
#1278=IFCEXTRUDEDAREASOLID(#1272,#1276,#1277,3.);
#1279=IFCSHAPEREPRESENTATION(#11,'Body','SweptSolid',(#1278));
#1280=IFCCARTESIANPOINTLIST2D(((0.,0.),(1.4731941220844793,0.)));
#1281=IFCINDEXEDPOLYCURVE(#1280,$,$);
#1282=IFCSHAPEREPRESENTATION(#23,'Axis','Curve2D',(#1281));
#1283=IFCCARTESIANPOINTLIST2D(((0.,0.),(-0.10000005841217217,0.10000000000000001),(1.9645220982090807,0.10000000000000001),(1.9645221176797991,0.)));
#1284=IFCINDEXEDPOLYCURVE(#1283,(IFCLINEINDEX((1,2,3,4,1))),$);
#1285=IFCARBITRARYCLOSEDPROFILEDEF(.AREA.,$,#1284);
#1286=IFCCARTESIANPOINT((0.,0.,0.));
#1287=IFCDIRECTION((0.,0.,1.));
#1288=IFCDIRECTION((1.,0.,0.));
#1289=IFCAXIS2PLACEMENT3D(#1286,#1287,#1288);
#1290=IFCDIRECTION((0.,0.,1.));
#1291=IFCEXTRUDEDAREASOLID(#1285,#1289,#1290,3.);
#1292=IFCSHAPEREPRESENTATION(#11,'Body','SweptSolid',(#1291));
#1293=IFCCARTESIANPOINTLIST2D(((0.,0.),(1.9645221176797991,0.)));
#1294=IFCINDEXEDPOLYCURVE(#1293,$,$);
#1295=IFCSHAPEREPRESENTATION(#23,'Axis','Curve2D',(#1294));
#1296=IFCCARTESIANPOINT((0.77893989681999187,3.5667753219603822,0.));
#1297=IFCDIRECTION((0.,0.,1.));
#1298=IFCDIRECTION((-0.99999999999992428,3.8941436741876494E-07,0.));
#1299=IFCAXIS2PLACEMENT3D(#1296,#1297,#1298);
#1300=IFCLOCALPLACEMENT(#62,#1299);
#1301=IFCRELCONNECTSPATHELEMENTS('3TirGqdsn3pABAkSYEuQI0',$,$,$,$,#72,#112,(),(),.ATSTART.,.ATEND.);
#1315=IFCCARTESIANPOINTLIST2D(((0.,0.),(0.099999992450210157,0.10000000000000001),(9.0199996244911862,0.10000000000000001),(9.1199996471405598,0.)));
#1316=IFCINDEXEDPOLYCURVE(#1315,(IFCLINEINDEX((1,2,3,4,1))),$);
#1317=IFCARBITRARYCLOSEDPROFILEDEF(.AREA.,$,#1316);
#1318=IFCCARTESIANPOINT((0.,0.,0.));
#1319=IFCDIRECTION((0.,0.,1.));
#1320=IFCDIRECTION((1.,0.,0.));
#1321=IFCAXIS2PLACEMENT3D(#1318,#1319,#1320);
#1322=IFCDIRECTION((0.,0.,1.));
#1323=IFCEXTRUDEDAREASOLID(#1317,#1321,#1322,3.);
#1324=IFCSHAPEREPRESENTATION(#11,'Body','SweptSolid',(#1323));
#1325=IFCCARTESIANPOINTLIST2D(((0.,0.),(9.1199996471405598,0.)));
#1326=IFCINDEXEDPOLYCURVE(#1325,$,$);
#1327=IFCSHAPEREPRESENTATION(#23,'Axis','Curve2D',(#1326));
#1328=IFCRELCONNECTSPATHELEMENTS('1izB031xD2dPx0G0dR7C9t',$,$,$,$,#72,#262,(),(),.ATEND.,.ATSTART.);
#1329=IFCCARTESIANPOINTLIST2D(((0.,0.),(0.099602434008883536,0.10000000000000001),(3.8999999812447301,0.10000000000000001),(3.9999999736949401,0.)));
#1330=IFCINDEXEDPOLYCURVE(#1329,(IFCLINEINDEX((1,2,3,4,1))),$);
#1331=IFCARBITRARYCLOSEDPROFILEDEF(.AREA.,$,#1330);
#1332=IFCCARTESIANPOINT((0.,0.,0.));
#1333=IFCDIRECTION((0.,0.,1.));
#1334=IFCDIRECTION((1.,0.,0.));
#1335=IFCAXIS2PLACEMENT3D(#1332,#1333,#1334);
#1336=IFCDIRECTION((0.,0.,1.));
#1337=IFCEXTRUDEDAREASOLID(#1331,#1335,#1336,3.);
#1338=IFCSHAPEREPRESENTATION(#11,'Body','SweptSolid',(#1337));
#1339=IFCCARTESIANPOINTLIST2D(((0.,0.),(3.9999999736949401,0.)));
#1340=IFCINDEXEDPOLYCURVE(#1339,$,$);
#1341=IFCSHAPEREPRESENTATION(#23,'Axis','Curve2D',(#1340));
#1342=IFCCARTESIANPOINT((0.22834828146253078,-2.610029935836792,0.));
#1343=IFCDIRECTION((0.,0.,1.));
#1344=IFCDIRECTION((1.,0.,0.));
#1345=IFCAXIS2PLACEMENT3D(#1342,#1343,#1344);
#1346=IFCLOCALPLACEMENT(#62,#1345);
#1347=IFCCARTESIANPOINTLIST2D(((0.,0.),(-0.099602434008883522,0.10000000000000001),(2.4104179488416992,0.10000000000000001),(2.5100203828505827,0.)));
#1348=IFCINDEXEDPOLYCURVE(#1347,(IFCLINEINDEX((1,2,3,4,1))),$);
#1349=IFCARBITRARYCLOSEDPROFILEDEF(.AREA.,$,#1348);
#1350=IFCCARTESIANPOINT((0.,0.,0.));
#1351=IFCDIRECTION((0.,0.,1.));
#1352=IFCDIRECTION((1.,0.,0.));
#1353=IFCAXIS2PLACEMENT3D(#1350,#1351,#1352);
#1354=IFCDIRECTION((0.,0.,1.));
#1355=IFCEXTRUDEDAREASOLID(#1349,#1353,#1354,3.);
#1356=IFCSHAPEREPRESENTATION(#11,'Body','SweptSolid',(#1355));
#1357=IFCCARTESIANPOINTLIST2D(((0.,0.),(2.5100203828505827,0.)));
#1358=IFCINDEXEDPOLYCURVE(#1357,$,$);
#1359=IFCSHAPEREPRESENTATION(#23,'Axis','Curve2D',(#1358));
#1360=IFCSLABTYPE('0pYp4K9AjDfhRLOO2HGOK6',$,'Slab',$,$,(#1364),$,$,$,.FLOOR.);
#1361=IFCMATERIALLAYERSET((#1363),$,$);
#1362=IFCRELASSOCIATESMATERIAL('2TI5sr1XHB3xL7MRMGAedf',$,$,$,(#1360),#1361);
#1363=IFCMATERIALLAYER(#66,0.10000000000000001,$,$,$,$,$);
#1364=IFCPROPERTYSET('2xh$uBOlfEch3WKii4Wden',$,'EPset_Parametric',$,(#1365));
#1365=IFCPROPERTYSINGLEVALUE('LayerSetDirection',$,IFCLABEL('AXIS3'),$);
#1366=IFCSLAB('0HFj72yOD6KA0TROOMbIt7',$,'Slab',$,$,#1374,#1381,$,$);
#1367=IFCRELDEFINESBYTYPE('24aD9u1Z5EJByzgjdUL8Uz',$,$,$,(#1366),#1360);
#1368=IFCMATERIALLAYERSETUSAGE(#1361,.AXIS3.,.POSITIVE.,-0.10000000149011612,$);
#1369=IFCRELASSOCIATESMATERIAL('1yndIsIfLEjhpOjRSDu4z5',$,$,$,(#1366),#1368);
#1370=IFCCARTESIANPOINT((0.22834828495979309,-2.610029935836792,0.));
#1371=IFCDIRECTION((0.,0.,1.));
#1372=IFCDIRECTION((1.,0.,0.));
#1373=IFCAXIS2PLACEMENT3D(#1370,#1371,#1372);
#1374=IFCLOCALPLACEMENT(#62,#1373);
#1375=IFCCARTESIANPOINTLIST2D(((0.,0.),(4.,0.),(4.0000004768371582,9.119999885559082),(0.55000042915344238,9.1199989318847656),(0.55000054836273193,7.6499996185302734),(-3.0099992752075195,7.6500005722045898),(-3.0099987983703613,2.510000467300415),(-0.0099988281726837158,2.510000467300415),(0.,0.)));
#1376=IFCINDEXEDPOLYCURVE(#1375,$,$);
#1377=IFCDIRECTION((0.,0.,1.));
#1378=IFCARBITRARYCLOSEDPROFILEDEF(.AREA.,$,#1376);
#1379=IFCEXTRUDEDAREASOLID(#1378,#1388,#1377,0.10000000000000001);
#1380=IFCSHAPEREPRESENTATION(#11,'Body','SweptSolid',(#1379));
#1381=IFCPRODUCTDEFINITIONSHAPE($,$,(#1380));
#1382=IFCPROPERTYSET('3Wunp1NQT2qBMAlsgdNPFk',$,'EPset_Parametric',$,(#1384));
#1383=IFCRELDEFINESBYPROPERTIES('2n00pfmTj9GeDO9tIKiUnU',$,$,$,(#1366),#1382);
#1384=IFCPROPERTYSINGLEVALUE('Engine',$,IFCLABEL('Bonsai.DumbLayer3'),$);
#1385=IFCCARTESIANPOINT((-0.,-0.,-0.10000000149011612));
#1386=IFCDIRECTION((0.,0.,1.));
#1387=IFCDIRECTION((1.,0.,0.));
#1388=IFCAXIS2PLACEMENT3D(#1385,#1386,#1387);
#1500=IFCDOORTYPE('2v9RUmGFn7wwujmuJ8QPwP',$,'Main-GF',$,$,(#1501),(#1510,#1588,#1607),$,$,.DOOR.,.SINGLE_SWING_LEFT.,$,$);
#1501=IFCPROPERTYSET('0ClfEqLxLALhytNTJCJmtk',$,'BBIM_Door',$,(#1502));
#1502=IFCPROPERTYSINGLEVALUE('Data',$,IFCTEXT('{"door_type": "SINGLE_SWING_LEFT", "overall_height": 2.0, "overall_width": 0.8999999761581421, "lining_properties": {"lining_depth": 0.05000000074505806, "lining_thickness": 0.05000000074505806, "lining_offset": 0.0, "lining_to_panel_offset_x": 0.02500000037252903, "lining_to_panel_offset_y": 0.02500000037252903, "transom_thickness": 0.0, "casing_thickness": 0.07500000298023224, "casing_depth": 0.004999999888241291, "threshold_thickness": 0.02500000037252903, "threshold_depth": 0.10000000149011612, "threshold_offset": 0.0}, "panel_properties": {"panel_depth": 0.03500000014901161, "panel_width_ratio": 1.0}}'),$);
#1503=IFCCARTESIANPOINTLIST3D(((0.,0.,0.),(0.89999997615814209,0.,0.),(0.89999997615814209,0.,2.),(0.,0.,2.)));
#1504=IFCINDEXEDPOLYCURVE(#1503,(IFCLINEINDEX((1,2,3,4,1))),$);
#1505=IFCSHAPEREPRESENTATION(#18,'Profile','Curve3D',(#1504));
#1506=IFCCARTESIANPOINT((0.,0.,0.));
#1507=IFCDIRECTION((1.,0.,0.));
#1508=IFCDIRECTION((0.,0.,1.));
#1509=IFCAXIS2PLACEMENT3D(#1506,#1508,#1507);
#1510=IFCREPRESENTATIONMAP(#1509,#1505);
#1511=IFCCARTESIANPOINTLIST2D(((0.,0.),(0.,2.),(0.89999997615814209,2.),(0.89999997615814209,0.),(0.87499997578561306,0.),(0.87499997578561306,1.974999999627471),(0.02500000037252903,1.974999999627471),(0.02500000037252903,0.)));
#1512=IFCINDEXEDPOLYCURVE(#1511,(IFCLINEINDEX((1,2,3,4,5,6,7,8,1))),$);
#1513=IFCARBITRARYCLOSEDPROFILEDEF(.AREA.,$,#1512);
#1514=IFCCARTESIANPOINT((0.,0.02500000037252903,0.));
#1515=IFCDIRECTION((0.,-1.,0.));
#1516=IFCDIRECTION((1.,0.,0.));
#1517=IFCAXIS2PLACEMENT3D(#1514,#1515,#1516);
#1518=IFCDIRECTION((0.,0.,-1.));
#1519=IFCEXTRUDEDAREASOLID(#1513,#1517,#1518,0.02500000037252903);
#1520=IFCCARTESIANPOINTLIST2D(((0.,0.),(0.,2.),(0.89999997615814209,2.),(0.89999997615814209,0.),(0.84999997541308403,0.),(0.84999997541308403,1.9499999992549419),(0.05000000074505806,1.9499999992549419),(0.05000000074505806,0.)));
#1521=IFCINDEXEDPOLYCURVE(#1520,(IFCLINEINDEX((1,2,3,4,5,6,7,8,1))),$);
#1522=IFCARBITRARYCLOSEDPROFILEDEF(.AREA.,$,#1521);
#1523=IFCCARTESIANPOINT((0.,0.,0.));
#1524=IFCDIRECTION((0.,-1.,0.));
#1525=IFCDIRECTION((1.,0.,0.));
#1526=IFCAXIS2PLACEMENT3D(#1523,#1524,#1525);
#1527=IFCDIRECTION((0.,0.,-1.));
#1528=IFCEXTRUDEDAREASOLID(#1522,#1526,#1527,0.02500000037252903);
#1529=IFCCARTESIANPOINTLIST2D(((0.,0.),(0.79999997466802597,0.),(0.79999997466802597,0.10000000149011612),(0.,0.10000000149011612)));
#1530=IFCINDEXEDPOLYCURVE(#1529,(IFCLINEINDEX((1,2,3,4,1))),$);
#1531=IFCARBITRARYCLOSEDPROFILEDEF(.AREA.,$,#1530);
#1532=IFCCARTESIANPOINT((0.05000000074505806,0.,0.));
#1533=IFCDIRECTION((0.,0.,1.));
#1534=IFCDIRECTION((1.,0.,0.));
#1535=IFCAXIS2PLACEMENT3D(#1532,#1533,#1534);
#1536=IFCDIRECTION((0.,0.,1.));
#1537=IFCEXTRUDEDAREASOLID(#1531,#1535,#1536,0.02500000037252903);
#1538=IFCCARTESIANPOINTLIST2D(((0.,0.),(0.,2.0250000022351742),(0.94999998062849045,2.0250000022351742),(0.94999998062849045,0.),(0.87499997764825821,0.),(0.87499997764825821,1.9499999992549419),(0.075000002980232239,1.9499999992549419),(0.075000002980232239,0.)));
#1539=IFCINDEXEDPOLYCURVE(#1538,(IFCLINEINDEX((1,2,3,4,5,6,7,8,1))),$);
#1540=IFCARBITRARYCLOSEDPROFILEDEF(.AREA.,$,#1539);
#1541=IFCCARTESIANPOINT((-0.025000002235174179,-0.004999999888241291,0.));
#1542=IFCDIRECTION((0.,-1.,0.));
#1543=IFCDIRECTION((1.,0.,0.));
#1544=IFCAXIS2PLACEMENT3D(#1541,#1542,#1543);
#1545=IFCDIRECTION((0.,0.,-1.));
#1546=IFCEXTRUDEDAREASOLID(#1540,#1544,#1545,0.004999999888241291);
#1547=IFCCARTESIANPOINTLIST2D(((0.,0.),(0.,2.0250000022351742),(0.94999998062849045,2.0250000022351742),(0.94999998062849045,0.),(0.89999997802078724,0.),(0.89999997802078724,1.974999999627471),(0.050000002607703209,1.974999999627471),(0.050000002607703209,0.)));
#1548=IFCINDEXEDPOLYCURVE(#1547,(IFCLINEINDEX((1,2,3,4,5,6,7,8,1))),$);
#1549=IFCARBITRARYCLOSEDPROFILEDEF(.AREA.,$,#1548);
#1550=IFCCARTESIANPOINT((-0.025000002235174179,0.05000000074505806,0.));
#1551=IFCDIRECTION((0.,-1.,0.));
#1552=IFCDIRECTION((1.,0.,0.));
#1553=IFCAXIS2PLACEMENT3D(#1550,#1551,#1552);
#1554=IFCDIRECTION((0.,0.,-1.));
#1555=IFCEXTRUDEDAREASOLID(#1549,#1553,#1554,0.004999999888241291);
#1556=IFCCARTESIANPOINTLIST2D(((0.,0.),(0.84999997541308403,0.),(0.84999997541308403,0.035000000149011612),(0.,0.035000000149011612)));
#1557=IFCINDEXEDPOLYCURVE(#1556,(IFCLINEINDEX((1,2,3,4,1))),$);
#1558=IFCARBITRARYCLOSEDPROFILEDEF(.AREA.,$,#1557);
#1559=IFCCARTESIANPOINT((0.02500000037252903,0.02500000037252903,0.02500000037252903));
#1560=IFCDIRECTION((0.,0.,1.));
#1561=IFCDIRECTION((1.,0.,0.));
#1562=IFCAXIS2PLACEMENT3D(#1559,#1560,#1561);
#1563=IFCDIRECTION((0.,0.,1.));
#1564=IFCEXTRUDEDAREASOLID(#1558,#1562,#1563,1.9499999992549419);
#1565=IFCCARTESIANPOINTLIST2D(((0.,0.),(0.,-0.040000000000000001),(-0.11999999999999988,-0.040000000000000001),(-0.11999999999999988,-0.02),(-0.020000000000000018,-0.02),(-0.020000000000000018,0.)));
#1566=IFCINDEXEDPOLYCURVE(#1565,(IFCLINEINDEX((1,2,3,4,5,6,1))),$);
#1567=IFCARBITRARYCLOSEDPROFILEDEF(.AREA.,$,#1566);
#1568=IFCCARTESIANPOINT((0.82499997578561302,0.02500000037252903,1.015000000372529));
#1569=IFCDIRECTION((0.,0.,1.));
#1570=IFCDIRECTION((1.,0.,0.));
#1571=IFCAXIS2PLACEMENT3D(#1568,#1569,#1570);
#1572=IFCDIRECTION((0.,0.,1.));
#1573=IFCEXTRUDEDAREASOLID(#1567,#1571,#1572,0.02);
#1574=IFCEXTRUDEDAREASOLID(#1575,#1578,#1582,0.02);
#1575=IFCARBITRARYCLOSEDPROFILEDEF(.AREA.,$,#1576);
#1576=IFCINDEXEDPOLYCURVE(#1577,(IFCLINEINDEX((1,2,3,4,5,6,1))),$);
#1577=IFCCARTESIANPOINTLIST2D(((0.,0.),(0.,0.040000000000000008),(-0.11999999999999988,0.040000000000000008),(-0.11999999999999988,0.020000000000000004),(-0.020000000000000018,0.020000000000000004),(-0.020000000000000018,0.)));
#1578=IFCAXIS2PLACEMENT3D(#1579,#1580,#1581);
#1579=IFCCARTESIANPOINT((0.82499997578561302,0.060000000521540642,1.015000000372529));
#1580=IFCDIRECTION((0.,0.,1.));
#1581=IFCDIRECTION((1.,0.,0.));
#1582=IFCDIRECTION((0.,0.,1.));
#1583=IFCSHAPEREPRESENTATION(#11,'Body','SweptSolid',(#1519,#1528,#1564,#1573,#1574,#1537,#1546,#1555));
#1584=IFCCARTESIANPOINT((0.,0.,0.));
#1585=IFCDIRECTION((1.,0.,0.));
#1586=IFCDIRECTION((0.,0.,1.));
#1587=IFCAXIS2PLACEMENT3D(#1584,#1586,#1585);
#1588=IFCREPRESENTATIONMAP(#1587,#1583);
#1589=IFCCARTESIANPOINTLIST2D(((0.,0.),(0.,0.05000000074505806),(0.02500000037252903,0.05000000074505806),(0.02500000037252903,0.02500000037252903),(0.05000000074505806,0.02500000037252903),(0.05000000074505806,0.)));
#1590=IFCINDEXEDPOLYCURVE(#1589,(IFCLINEINDEX((1,2,3,4,5,6,1))),$);
#1591=IFCINDEXEDPOLYCURVE(#1592,(IFCLINEINDEX((1,2,3,4,5,6,1))),$);
#1592=IFCCARTESIANPOINTLIST2D(((0.89999997615814209,0.),(0.89999997615814209,0.05000000074505806),(0.87499997578561306,0.05000000074505806),(0.87499997578561306,0.02500000037252903),(0.84999997541308403,0.02500000037252903),(0.84999997541308403,0.)));
#1593=IFCDIRECTION((1.,0.));
#1594=IFCCARTESIANPOINT((0.060000000521540642,0.05000000074505806));
#1595=IFCAXIS2PLACEMENT2D(#1594,#1593);
#1596=IFCELLIPSE(#1595,0.81499997526407242,0.84999997541308403);
#1597=IFCCARTESIANPOINT((0.87499997578561306,0.05000000074505806));
#1598=IFCCARTESIANPOINT((0.060000000521540642,0.89999997615814209));
#1599=IFCTRIMMEDCURVE(#1596,(#1597),(#1598),.T.,.CARTESIAN.);
#1600=IFCCARTESIANPOINTLIST2D(((0.02500000037252903,0.05000000074505806),(0.060000000521540642,0.05000000074505806),(0.060000000521540642,0.89999997615814209),(0.02500000037252903,0.89999997615814209)));
#1601=IFCINDEXEDPOLYCURVE(#1600,(IFCLINEINDEX((1,2,3,4,1))),$);
#1602=IFCSHAPEREPRESENTATION(#24,'Body','Curve2D',(#1590,#1591,#1599,#1601));
#1603=IFCCARTESIANPOINT((0.,0.,0.));
#1604=IFCDIRECTION((1.,0.,0.));
#1605=IFCDIRECTION((0.,0.,1.));
#1606=IFCAXIS2PLACEMENT3D(#1603,#1605,#1604);
#1607=IFCREPRESENTATIONMAP(#1606,#1602);
#1608=IFCDOOR('1VXc$MeEbC0RMLjczNYlQj',$,'Door',$,$,#2179,#1617,$,2.,0.89999997615814209,$,$,$);
#1609=IFCRELDEFINESBYTYPE('3j4LfcScX2mfTM3Z8t7TS8',$,$,$,(#1608),#1500);
#1610=IFCCARTESIANPOINT((0.,0.,0.));
#1611=IFCDIRECTION((1.,0.,0.));
#1612=IFCDIRECTION((0.,1.,0.));
#1613=IFCDIRECTION((0.,0.,1.));
#1614=IFCCARTESIANTRANSFORMATIONOPERATOR3D(#1611,#1612,#1610,1.,#1613);
#1615=IFCMAPPEDITEM(#1510,#1614);
#1616=IFCSHAPEREPRESENTATION(#18,'Profile','MappedRepresentation',(#1615));
#1617=IFCPRODUCTDEFINITIONSHAPE($,$,(#1616,#1624,#1631));
#1618=IFCCARTESIANPOINT((0.,0.,0.));
#1619=IFCDIRECTION((1.,0.,0.));
#1620=IFCDIRECTION((0.,1.,0.));
#1621=IFCDIRECTION((0.,0.,1.));
#1622=IFCCARTESIANTRANSFORMATIONOPERATOR3D(#1619,#1620,#1618,1.,#1621);
#1623=IFCMAPPEDITEM(#1588,#1622);
#1624=IFCSHAPEREPRESENTATION(#11,'Body','MappedRepresentation',(#1623));
#1625=IFCCARTESIANPOINT((0.,0.,0.));
#1626=IFCDIRECTION((1.,0.,0.));
#1627=IFCDIRECTION((0.,1.,0.));
#1628=IFCDIRECTION((0.,0.,1.));
#1629=IFCCARTESIANTRANSFORMATIONOPERATOR3D(#1626,#1627,#1625,1.,#1628);
#1630=IFCMAPPEDITEM(#1607,#1629);
#1631=IFCSHAPEREPRESENTATION(#24,'Body','MappedRepresentation',(#1630));
#1632=IFCOPENINGELEMENT('0G20jkvJf36OtlSk$ODRwJ',$,'Opening',$,$,#1982,#1660,$,.OPENING.);
#1638=IFCCARTESIANPOINTLIST2D(((0.,0.),(0.89999997615814209,0.),(0.89999997615814209,2.),(0.,2.)));
#1639=IFCINDEXEDPOLYCURVE(#1638,(IFCLINEINDEX((1,2,3,4,1))),$);
#1640=IFCARBITRARYCLOSEDPROFILEDEF(.AREA.,$,#1639);
#1641=IFCCARTESIANPOINT((0.,-0.60000002384185791,0.));
#1642=IFCDIRECTION((0.,-1.,0.));
#1643=IFCDIRECTION((1.,0.,0.));
#1644=IFCAXIS2PLACEMENT3D(#1641,#1642,#1643);
#1645=IFCDIRECTION((0.,0.,-1.));
#1646=IFCEXTRUDEDAREASOLID(#1640,#1644,#1645,1.2);
#1647=IFCSHAPEREPRESENTATION(#11,'Body','SweptSolid',(#1646));
#1648=IFCCARTESIANPOINT((0.,0.,0.));
#1649=IFCDIRECTION((1.,0.,0.));
#1650=IFCDIRECTION((0.,0.,1.));
#1651=IFCAXIS2PLACEMENT3D(#1648,#1650,#1649);
#1652=IFCREPRESENTATIONMAP(#1651,#1647);
#1653=IFCCARTESIANPOINT((0.,0.,0.));
#1654=IFCDIRECTION((1.,0.,0.));
#1655=IFCDIRECTION((0.,1.,0.));
#1656=IFCDIRECTION((0.,0.,1.));
#1657=IFCCARTESIANTRANSFORMATIONOPERATOR3D(#1654,#1655,#1653,1.,#1656);
#1658=IFCMAPPEDITEM(#1652,#1657);
#1659=IFCSHAPEREPRESENTATION(#11,'Body','MappedRepresentation',(#1658));
#1660=IFCPRODUCTDEFINITIONSHAPE($,$,(#1659));
#1661=IFCRELVOIDSELEMENT('3__9A9vA1A88XaFr0uQ2lM',$,$,$,#72,#1632);
#1667=IFCRELFILLSELEMENT('2B8UaqMMnEtxQu6k1SC9_a',$,$,$,#1632,#1608);
#1978=IFCCARTESIANPOINT((0.34811088792528661,2.6226043701171875E-05,0.));
#1979=IFCDIRECTION((0.,0.,1.));
#1980=IFCDIRECTION((0.99999999999656097,-2.6226043701081683E-06,0.));
#1981=IFCAXIS2PLACEMENT3D(#1978,#1979,#1980);
#1982=IFCLOCALPLACEMENT(#1346,#1981);
#2067=IFCDOORTYPE('1M2tpAwk56DOtTQZC6aB_M',$,'Guest-GF',$,$,(#2068),(#2070,#2078,#2156),$,$,.DOOR.,.SINGLE_SWING_LEFT.,$,$);
#2068=IFCPROPERTYSET('2$_pXNhMn1wwNQBC97$yIx',$,'BBIM_Door',$,(#2069));
#2069=IFCPROPERTYSINGLEVALUE('Data',$,IFCTEXT('{"door_type": "SINGLE_SWING_RIGHT", "overall_height": 2.0, "overall_width": 0.8999999761581421, "lining_properties": {"lining_depth": 0.05000000074505806, "lining_thickness": 0.05000000074505806, "lining_offset": 0.0, "lining_to_panel_offset_x": 0.02500000037252903, "lining_to_panel_offset_y": 0.02500000037252903, "transom_thickness": 0.0, "casing_thickness": 0.07500000298023224, "casing_depth": 0.004999999888241291, "threshold_thickness": 0.02500000037252903, "threshold_depth": 0.10000000149011612, "threshold_offset": 0.0}, "panel_properties": {"panel_depth": 0.03500000014901161, "panel_width_ratio": 1.0}}'),$);
#2070=IFCREPRESENTATIONMAP(#2071,#2411);
#2071=IFCAXIS2PLACEMENT3D(#2072,#2073,#2074);
#2072=IFCCARTESIANPOINT((0.,0.,0.));
#2073=IFCDIRECTION((0.,0.,1.));
#2074=IFCDIRECTION((1.,0.,0.));
#2078=IFCREPRESENTATIONMAP(#2079,#2484);
#2079=IFCAXIS2PLACEMENT3D(#2080,#2081,#2082);
#2080=IFCCARTESIANPOINT((0.,0.,0.));
#2081=IFCDIRECTION((0.,0.,1.));
#2082=IFCDIRECTION((1.,0.,0.));
#2156=IFCREPRESENTATIONMAP(#2157,#2498);
#2157=IFCAXIS2PLACEMENT3D(#2158,#2159,#2160);
#2158=IFCCARTESIANPOINT((0.,0.,0.));
#2159=IFCDIRECTION((0.,0.,1.));
#2160=IFCDIRECTION((1.,0.,0.));
#2175=IFCCARTESIANPOINT((0.,0.,0.));
#2176=IFCDIRECTION((0.,0.,1.));
#2177=IFCDIRECTION((1.,0.,0.));
#2178=IFCAXIS2PLACEMENT3D(#2175,#2176,#2177);
#2179=IFCLOCALPLACEMENT(#1982,#2178);
#2180=IFCDOOR('1XTOKFLhbBlxka0kjILQ4O',$,'Door',$,$,#2523,#2189,$,2.,0.89999997615814209,$,.SINGLE_SWING_RIGHT.,$);
#2181=IFCRELDEFINESBYTYPE('2SwQ$3HRH24w5Y9PMVvPGF',$,$,$,(#2180),#2067);
#2182=IFCCARTESIANPOINT((0.,0.,0.));
#2183=IFCDIRECTION((1.,0.,0.));
#2184=IFCDIRECTION((0.,1.,0.));
#2185=IFCDIRECTION((0.,0.,1.));
#2186=IFCCARTESIANTRANSFORMATIONOPERATOR3D(#2183,#2184,#2182,1.,#2185);
#2187=IFCMAPPEDITEM(#2070,#2186);
#2188=IFCSHAPEREPRESENTATION(#18,'Profile','MappedRepresentation',(#2187));
#2189=IFCPRODUCTDEFINITIONSHAPE($,$,(#2188,#2196,#2203));
#2190=IFCCARTESIANPOINT((0.,0.,0.));
#2191=IFCDIRECTION((1.,0.,0.));
#2192=IFCDIRECTION((0.,1.,0.));
#2193=IFCDIRECTION((0.,0.,1.));
#2194=IFCCARTESIANTRANSFORMATIONOPERATOR3D(#2191,#2192,#2190,1.,#2193);
#2195=IFCMAPPEDITEM(#2078,#2194);
#2196=IFCSHAPEREPRESENTATION(#11,'Body','MappedRepresentation',(#2195));
#2197=IFCCARTESIANPOINT((0.,0.,0.));
#2198=IFCDIRECTION((1.,0.,0.));
#2199=IFCDIRECTION((0.,1.,0.));
#2200=IFCDIRECTION((0.,0.,1.));
#2201=IFCCARTESIANTRANSFORMATIONOPERATOR3D(#2198,#2199,#2197,1.,#2200);
#2202=IFCMAPPEDITEM(#2156,#2201);
#2203=IFCSHAPEREPRESENTATION(#24,'Body','MappedRepresentation',(#2202));
#2204=IFCOPENINGELEMENT('1gTfab1$HDYO66cqkCjiBI',$,'Opening',$,$,#2518,#2232,$,.OPENING.);
#2220=IFCCARTESIANPOINT((0.,0.,0.));
#2221=IFCDIRECTION((1.,0.,0.));
#2222=IFCDIRECTION((0.,0.,1.));
#2223=IFCAXIS2PLACEMENT3D(#2220,#2222,#2221);
#2224=IFCREPRESENTATIONMAP(#2223,#2508);
#2225=IFCCARTESIANPOINT((0.,0.,0.));
#2226=IFCDIRECTION((1.,0.,0.));
#2227=IFCDIRECTION((0.,1.,0.));
#2228=IFCDIRECTION((0.,0.,1.));
#2229=IFCCARTESIANTRANSFORMATIONOPERATOR3D(#2226,#2227,#2225,1.,#2228);
#2230=IFCMAPPEDITEM(#2224,#2229);
#2231=IFCSHAPEREPRESENTATION(#11,'Body','MappedRepresentation',(#2230));
#2232=IFCPRODUCTDEFINITIONSHAPE($,$,(#2231));
#2233=IFCRELVOIDSELEMENT('197scTMon5lf74UI42lb4E',$,$,$,#565,#2204);
#2239=IFCRELFILLSELEMENT('0QvJsW29fDkv30V$tqxi$O',$,$,$,#2204,#2180);
#2278=IFCCARTESIANPOINTLIST2D(((0.,0.),(0.,2.),(0.89999997615814209,2.),(0.89999997615814209,0.),(0.87499997578561306,0.),(0.87499997578561306,1.974999999627471),(0.02500000037252903,1.974999999627471),(0.02500000037252903,0.)));
#2279=IFCINDEXEDPOLYCURVE(#2278,(IFCLINEINDEX((1,2,3,4,5,6,7,8,1))),$);
#2280=IFCARBITRARYCLOSEDPROFILEDEF(.AREA.,$,#2279);
#2281=IFCCARTESIANPOINT((0.,0.02500000037252903,0.));
#2282=IFCDIRECTION((0.,-1.,0.));
#2283=IFCDIRECTION((1.,0.,0.));
#2284=IFCAXIS2PLACEMENT3D(#2281,#2282,#2283);
#2285=IFCDIRECTION((0.,0.,-1.));
#2286=IFCEXTRUDEDAREASOLID(#2280,#2284,#2285,0.02500000037252903);
#2287=IFCCARTESIANPOINTLIST2D(((0.,0.),(0.,2.),(0.89999997615814209,2.),(0.89999997615814209,0.),(0.84999997541308403,0.),(0.84999997541308403,1.9499999992549419),(0.05000000074505806,1.9499999992549419),(0.05000000074505806,0.)));
#2288=IFCINDEXEDPOLYCURVE(#2287,(IFCLINEINDEX((1,2,3,4,5,6,7,8,1))),$);
#2289=IFCARBITRARYCLOSEDPROFILEDEF(.AREA.,$,#2288);
#2290=IFCCARTESIANPOINT((0.,0.,0.));
#2291=IFCDIRECTION((0.,-1.,0.));
#2292=IFCDIRECTION((1.,0.,0.));
#2293=IFCAXIS2PLACEMENT3D(#2290,#2291,#2292);
#2294=IFCDIRECTION((0.,0.,-1.));
#2295=IFCEXTRUDEDAREASOLID(#2289,#2293,#2294,0.02500000037252903);
#2296=IFCCARTESIANPOINTLIST2D(((0.,0.),(0.79999997466802597,0.),(0.79999997466802597,0.10000000149011612),(0.,0.10000000149011612)));
#2297=IFCINDEXEDPOLYCURVE(#2296,(IFCLINEINDEX((1,2,3,4,1))),$);
#2298=IFCARBITRARYCLOSEDPROFILEDEF(.AREA.,$,#2297);
#2299=IFCCARTESIANPOINT((0.05000000074505806,0.,0.));
#2300=IFCDIRECTION((0.,0.,1.));
#2301=IFCDIRECTION((1.,0.,0.));
#2302=IFCAXIS2PLACEMENT3D(#2299,#2300,#2301);
#2303=IFCDIRECTION((0.,0.,1.));
#2304=IFCEXTRUDEDAREASOLID(#2298,#2302,#2303,0.02500000037252903);
#2305=IFCCARTESIANPOINTLIST2D(((0.,0.),(0.,2.0250000022351742),(0.94999998062849045,2.0250000022351742),(0.94999998062849045,0.),(0.87499997764825821,0.),(0.87499997764825821,1.9499999992549419),(0.075000002980232239,1.9499999992549419),(0.075000002980232239,0.)));
#2306=IFCINDEXEDPOLYCURVE(#2305,(IFCLINEINDEX((1,2,3,4,5,6,7,8,1))),$);
#2307=IFCARBITRARYCLOSEDPROFILEDEF(.AREA.,$,#2306);
#2308=IFCCARTESIANPOINT((-0.025000002235174179,-0.004999999888241291,0.));
#2309=IFCDIRECTION((0.,-1.,0.));
#2310=IFCDIRECTION((1.,0.,0.));
#2311=IFCAXIS2PLACEMENT3D(#2308,#2309,#2310);
#2312=IFCDIRECTION((0.,0.,-1.));
#2313=IFCEXTRUDEDAREASOLID(#2307,#2311,#2312,0.004999999888241291);
#2314=IFCCARTESIANPOINTLIST2D(((0.,0.),(0.,2.0250000022351742),(0.94999998062849045,2.0250000022351742),(0.94999998062849045,0.),(0.89999997802078724,0.),(0.89999997802078724,1.974999999627471),(0.050000002607703209,1.974999999627471),(0.050000002607703209,0.)));
#2315=IFCINDEXEDPOLYCURVE(#2314,(IFCLINEINDEX((1,2,3,4,5,6,7,8,1))),$);
#2316=IFCARBITRARYCLOSEDPROFILEDEF(.AREA.,$,#2315);
#2317=IFCCARTESIANPOINT((-0.025000002235174179,0.05000000074505806,0.));
#2318=IFCDIRECTION((0.,-1.,0.));
#2319=IFCDIRECTION((1.,0.,0.));
#2320=IFCAXIS2PLACEMENT3D(#2317,#2318,#2319);
#2321=IFCDIRECTION((0.,0.,-1.));
#2322=IFCEXTRUDEDAREASOLID(#2316,#2320,#2321,0.004999999888241291);
#2323=IFCCARTESIANPOINTLIST2D(((0.,0.),(0.84999997541308403,0.),(0.84999997541308403,0.035000000149011612),(0.,0.035000000149011612)));
#2324=IFCINDEXEDPOLYCURVE(#2323,(IFCLINEINDEX((1,2,3,4,1))),$);
#2325=IFCARBITRARYCLOSEDPROFILEDEF(.AREA.,$,#2324);
#2326=IFCCARTESIANPOINT((0.02500000037252903,0.02500000037252903,0.02500000037252903));
#2327=IFCDIRECTION((0.,0.,1.));
#2328=IFCDIRECTION((1.,0.,0.));
#2329=IFCAXIS2PLACEMENT3D(#2326,#2327,#2328);
#2330=IFCDIRECTION((0.,0.,1.));
#2331=IFCEXTRUDEDAREASOLID(#2325,#2329,#2330,1.9499999992549419);
#2332=IFCCARTESIANPOINTLIST2D(((0.,0.),(0.,-0.040000000000000001),(0.12,-0.040000000000000001),(0.12,-0.02),(0.02,-0.02),(0.02,0.)));
#2333=IFCINDEXEDPOLYCURVE(#2332,(IFCLINEINDEX((1,2,3,4,5,6,1))),$);
#2334=IFCARBITRARYCLOSEDPROFILEDEF(.AREA.,$,#2333);
#2335=IFCCARTESIANPOINT((0.075000000372529033,0.02500000037252903,1.015000000372529));
#2336=IFCDIRECTION((0.,0.,1.));
#2337=IFCDIRECTION((1.,0.,0.));
#2338=IFCAXIS2PLACEMENT3D(#2335,#2336,#2337);
#2339=IFCDIRECTION((0.,0.,1.));
#2340=IFCEXTRUDEDAREASOLID(#2334,#2338,#2339,0.02);
#2341=IFCEXTRUDEDAREASOLID(#2342,#2345,#2349,0.02);
#2342=IFCARBITRARYCLOSEDPROFILEDEF(.AREA.,$,#2343);
#2343=IFCINDEXEDPOLYCURVE(#2344,(IFCLINEINDEX((1,2,3,4,5,6,1))),$);
#2344=IFCCARTESIANPOINTLIST2D(((0.,0.),(0.,0.040000000000000008),(0.11999999999999998,0.040000000000000008),(0.11999999999999998,0.020000000000000004),(0.020000000000000004,0.020000000000000004),(0.020000000000000004,0.)));
#2345=IFCAXIS2PLACEMENT3D(#2346,#2347,#2348);
#2346=IFCCARTESIANPOINT((0.075000000372529033,0.060000000521540642,1.015000000372529));
#2347=IFCDIRECTION((0.,0.,1.));
#2348=IFCDIRECTION((1.,0.,0.));
#2349=IFCDIRECTION((0.,0.,1.));
#2351=IFCSHAPEREPRESENTATION(#11,'Body','SweptSolid',(#2456,#2313,#2447,#2420,#2304,#2438,#2295,#2322,#2429,#2286));
#2352=IFCSHAPEASPECT((#2351),'Lining',$,.T.,#2189);
#2353=IFCSHAPEREPRESENTATION(#11,'Body','SweptSolid',(#2474,#2475,#2465,#2341,#2331,#2340));
#2354=IFCSHAPEASPECT((#2353),'Framing',$,.T.,#2189);
#2409=IFCCARTESIANPOINTLIST3D(((0.,0.,0.),(0.89999997615814209,0.,0.),(0.89999997615814209,0.,2.),(0.,0.,2.)));
#2410=IFCINDEXEDPOLYCURVE(#2409,(IFCLINEINDEX((1,2,3,4,1))),$);
#2411=IFCSHAPEREPRESENTATION(#18,'Profile','Curve3D',(#2410));
#2412=IFCCARTESIANPOINTLIST2D(((0.,0.),(0.,2.),(0.89999997615814209,2.),(0.89999997615814209,0.),(0.87499997578561306,0.),(0.87499997578561306,1.974999999627471),(0.02500000037252903,1.974999999627471),(0.02500000037252903,0.)));
#2413=IFCINDEXEDPOLYCURVE(#2412,(IFCLINEINDEX((1,2,3,4,5,6,7,8,1))),$);
#2414=IFCARBITRARYCLOSEDPROFILEDEF(.AREA.,$,#2413);
#2415=IFCCARTESIANPOINT((0.,0.02500000037252903,0.));
#2416=IFCDIRECTION((0.,-1.,0.));
#2417=IFCDIRECTION((1.,0.,0.));
#2418=IFCAXIS2PLACEMENT3D(#2415,#2416,#2417);
#2419=IFCDIRECTION((0.,0.,-1.));
#2420=IFCEXTRUDEDAREASOLID(#2414,#2418,#2419,0.02500000037252903);
#2421=IFCCARTESIANPOINTLIST2D(((0.,0.),(0.,2.),(0.89999997615814209,2.),(0.89999997615814209,0.),(0.84999997541308403,0.),(0.84999997541308403,1.9499999992549419),(0.05000000074505806,1.9499999992549419),(0.05000000074505806,0.)));
#2422=IFCINDEXEDPOLYCURVE(#2421,(IFCLINEINDEX((1,2,3,4,5,6,7,8,1))),$);
#2423=IFCARBITRARYCLOSEDPROFILEDEF(.AREA.,$,#2422);
#2424=IFCCARTESIANPOINT((0.,0.,0.));
#2425=IFCDIRECTION((0.,-1.,0.));
#2426=IFCDIRECTION((1.,0.,0.));
#2427=IFCAXIS2PLACEMENT3D(#2424,#2425,#2426);
#2428=IFCDIRECTION((0.,0.,-1.));
#2429=IFCEXTRUDEDAREASOLID(#2423,#2427,#2428,0.02500000037252903);
#2430=IFCCARTESIANPOINTLIST2D(((0.,0.),(0.79999997466802597,0.),(0.79999997466802597,0.10000000149011612),(0.,0.10000000149011612)));
#2431=IFCINDEXEDPOLYCURVE(#2430,(IFCLINEINDEX((1,2,3,4,1))),$);
#2432=IFCARBITRARYCLOSEDPROFILEDEF(.AREA.,$,#2431);
#2433=IFCCARTESIANPOINT((0.05000000074505806,0.,0.));
#2434=IFCDIRECTION((0.,0.,1.));
#2435=IFCDIRECTION((1.,0.,0.));
#2436=IFCAXIS2PLACEMENT3D(#2433,#2434,#2435);
#2437=IFCDIRECTION((0.,0.,1.));
#2438=IFCEXTRUDEDAREASOLID(#2432,#2436,#2437,0.02500000037252903);
#2439=IFCCARTESIANPOINTLIST2D(((0.,0.),(0.,2.0250000022351742),(0.94999998062849045,2.0250000022351742),(0.94999998062849045,0.),(0.87499997764825821,0.),(0.87499997764825821,1.9499999992549419),(0.075000002980232239,1.9499999992549419),(0.075000002980232239,0.)));
#2440=IFCINDEXEDPOLYCURVE(#2439,(IFCLINEINDEX((1,2,3,4,5,6,7,8,1))),$);
#2441=IFCARBITRARYCLOSEDPROFILEDEF(.AREA.,$,#2440);
#2442=IFCCARTESIANPOINT((-0.025000002235174179,-0.004999999888241291,0.));
#2443=IFCDIRECTION((0.,-1.,0.));
#2444=IFCDIRECTION((1.,0.,0.));
#2445=IFCAXIS2PLACEMENT3D(#2442,#2443,#2444);
#2446=IFCDIRECTION((0.,0.,-1.));
#2447=IFCEXTRUDEDAREASOLID(#2441,#2445,#2446,0.004999999888241291);
#2448=IFCCARTESIANPOINTLIST2D(((0.,0.),(0.,2.0250000022351742),(0.94999998062849045,2.0250000022351742),(0.94999998062849045,0.),(0.89999997802078724,0.),(0.89999997802078724,1.974999999627471),(0.050000002607703209,1.974999999627471),(0.050000002607703209,0.)));
#2449=IFCINDEXEDPOLYCURVE(#2448,(IFCLINEINDEX((1,2,3,4,5,6,7,8,1))),$);
#2450=IFCARBITRARYCLOSEDPROFILEDEF(.AREA.,$,#2449);
#2451=IFCCARTESIANPOINT((-0.025000002235174179,0.05000000074505806,0.));
#2452=IFCDIRECTION((0.,-1.,0.));
#2453=IFCDIRECTION((1.,0.,0.));
#2454=IFCAXIS2PLACEMENT3D(#2451,#2452,#2453);
#2455=IFCDIRECTION((0.,0.,-1.));
#2456=IFCEXTRUDEDAREASOLID(#2450,#2454,#2455,0.004999999888241291);
#2457=IFCCARTESIANPOINTLIST2D(((0.,0.),(0.84999997541308403,0.),(0.84999997541308403,0.035000000149011612),(0.,0.035000000149011612)));
#2458=IFCINDEXEDPOLYCURVE(#2457,(IFCLINEINDEX((1,2,3,4,1))),$);
#2459=IFCARBITRARYCLOSEDPROFILEDEF(.AREA.,$,#2458);
#2460=IFCCARTESIANPOINT((0.02500000037252903,0.02500000037252903,0.02500000037252903));
#2461=IFCDIRECTION((0.,0.,1.));
#2462=IFCDIRECTION((1.,0.,0.));
#2463=IFCAXIS2PLACEMENT3D(#2460,#2461,#2462);
#2464=IFCDIRECTION((0.,0.,1.));
#2465=IFCEXTRUDEDAREASOLID(#2459,#2463,#2464,1.9499999992549419);
#2466=IFCCARTESIANPOINTLIST2D(((0.,0.),(0.,-0.040000000000000001),(0.12,-0.040000000000000001),(0.12,-0.02),(0.02,-0.02),(0.02,0.)));
#2467=IFCINDEXEDPOLYCURVE(#2466,(IFCLINEINDEX((1,2,3,4,5,6,1))),$);
#2468=IFCARBITRARYCLOSEDPROFILEDEF(.AREA.,$,#2467);
#2469=IFCCARTESIANPOINT((0.075000000372529033,0.02500000037252903,1.015000000372529));
#2470=IFCDIRECTION((0.,0.,1.));
#2471=IFCDIRECTION((1.,0.,0.));
#2472=IFCAXIS2PLACEMENT3D(#2469,#2470,#2471);
#2473=IFCDIRECTION((0.,0.,1.));
#2474=IFCEXTRUDEDAREASOLID(#2468,#2472,#2473,0.02);
#2475=IFCEXTRUDEDAREASOLID(#2476,#2479,#2483,0.02);
#2476=IFCARBITRARYCLOSEDPROFILEDEF(.AREA.,$,#2477);
#2477=IFCINDEXEDPOLYCURVE(#2478,(IFCLINEINDEX((1,2,3,4,5,6,1))),$);
#2478=IFCCARTESIANPOINTLIST2D(((0.,0.),(0.,0.040000000000000008),(0.11999999999999998,0.040000000000000008),(0.11999999999999998,0.020000000000000004),(0.020000000000000004,0.020000000000000004),(0.020000000000000004,0.)));
#2479=IFCAXIS2PLACEMENT3D(#2480,#2481,#2482);
#2480=IFCCARTESIANPOINT((0.075000000372529033,0.060000000521540642,1.015000000372529));
#2481=IFCDIRECTION((0.,0.,1.));
#2482=IFCDIRECTION((1.,0.,0.));
#2483=IFCDIRECTION((0.,0.,1.));
#2484=IFCSHAPEREPRESENTATION(#11,'Body','SweptSolid',(#2420,#2429,#2465,#2474,#2475,#2438,#2447,#2456));
#2485=IFCCARTESIANPOINTLIST2D(((0.,0.),(0.,0.05000000074505806),(0.02500000037252903,0.05000000074505806),(0.02500000037252903,0.02500000037252903),(0.05000000074505806,0.02500000037252903),(0.05000000074505806,0.)));
#2486=IFCINDEXEDPOLYCURVE(#2485,(IFCLINEINDEX((1,2,3,4,5,6,1))),$);
#2487=IFCINDEXEDPOLYCURVE(#2488,(IFCLINEINDEX((1,2,3,4,5,6,1))),$);
#2488=IFCCARTESIANPOINTLIST2D(((0.89999997615814209,0.),(0.89999997615814209,0.05000000074505806),(0.87499997578561306,0.05000000074505806),(0.87499997578561306,0.02500000037252903),(0.84999997541308403,0.02500000037252903),(0.84999997541308403,0.)));
#2489=IFCDIRECTION((1.,0.));
#2490=IFCCARTESIANPOINT((0.83999997563660145,0.05000000074505806));
#2491=IFCAXIS2PLACEMENT2D(#2490,#2489);
#2492=IFCELLIPSE(#2491,0.81499997526407242,0.84999997541308403);
#2493=IFCCARTESIANPOINT((0.83999997563660145,0.89999997615814209));
#2494=IFCCARTESIANPOINT((0.02500000037252903,0.05000000074505806));
#2495=IFCTRIMMEDCURVE(#2492,(#2493),(#2494),.T.,.CARTESIAN.);
#2496=IFCCARTESIANPOINTLIST2D(((0.87499997578561306,0.05000000074505806),(0.83999997563660145,0.05000000074505806),(0.83999997563660145,0.89999997615814209),(0.87499997578561306,0.89999997615814209)));
#2497=IFCINDEXEDPOLYCURVE(#2496,(IFCLINEINDEX((1,2,3,4,1))),$);
#2498=IFCSHAPEREPRESENTATION(#24,'Body','Curve2D',(#2486,#2487,#2495,#2497));
#2499=IFCCARTESIANPOINTLIST2D(((0.,0.),(0.89999997615814209,0.),(0.89999997615814209,2.),(0.,2.)));
#2500=IFCINDEXEDPOLYCURVE(#2499,(IFCLINEINDEX((1,2,3,4,1))),$);
#2501=IFCARBITRARYCLOSEDPROFILEDEF(.AREA.,$,#2500);
#2502=IFCCARTESIANPOINT((0.,-0.60000002384185791,0.));
#2503=IFCDIRECTION((0.,-1.,0.));
#2504=IFCDIRECTION((1.,0.,0.));
#2505=IFCAXIS2PLACEMENT3D(#2502,#2503,#2504);
#2506=IFCDIRECTION((0.,0.,-1.));
#2507=IFCEXTRUDEDAREASOLID(#2501,#2505,#2506,1.2);
#2508=IFCSHAPEREPRESENTATION(#11,'Body','SweptSolid',(#2507));
#2514=IFCCARTESIANPOINT((1.5440217400027703,3.2518665760150611E-07,0.));
#2515=IFCDIRECTION((0.,0.,1.));
#2516=IFCDIRECTION((0.99999999999997147,-2.384185719961227E-07,0.));
#2517=IFCAXIS2PLACEMENT3D(#2514,#2515,#2516);
#2518=IFCLOCALPLACEMENT(#576,#2517);
#2519=IFCCARTESIANPOINT((-6.6613381477509392E-16,0.,0.));
#2520=IFCDIRECTION((0.,0.,1.));
#2521=IFCDIRECTION((1.,5.2939559203393771E-23,0.));
#2522=IFCAXIS2PLACEMENT3D(#2519,#2520,#2521);
#2523=IFCLOCALPLACEMENT(#2518,#2522);
#2524=IFCDOORTYPE('2hRLj3v7D2r8fJJQ_vmZeK',$,'Bathroom-GF',$,$,(#2525),(#2527,#2535,#2613),$,$,.DOOR.,.SINGLE_SWING_LEFT.,$,$);
#2525=IFCPROPERTYSET('2gp_V_6Zv7i8nSuQg66PQG',$,'BBIM_Door',$,(#2526));
#2526=IFCPROPERTYSINGLEVALUE('Data',$,IFCTEXT('{"door_type": "SINGLE_SWING_RIGHT", "overall_height": 2.0, "overall_width": 0.7216986417770386, "lining_properties": {"lining_depth": 0.05000000074505806, "lining_thickness": 0.05000000074505806, "lining_offset": 0.0, "lining_to_panel_offset_x": 0.02500000037252903, "lining_to_panel_offset_y": 0.02500000037252903, "transom_thickness": 0.0, "casing_thickness": 0.07500000298023224, "casing_depth": 0.004999999888241291, "threshold_thickness": 0.02500000037252903, "threshold_depth": 0.10000000149011612, "threshold_offset": 0.0}, "panel_properties": {"panel_depth": 0.03500000014901161, "panel_width_ratio": 1.0}}'),$);
#2527=IFCREPRESENTATIONMAP(#2528,#2829);
#2528=IFCAXIS2PLACEMENT3D(#2529,#2530,#2531);
#2529=IFCCARTESIANPOINT((0.,0.,0.));
#2530=IFCDIRECTION((0.,0.,1.));
#2531=IFCDIRECTION((1.,0.,0.));
#2535=IFCREPRESENTATIONMAP(#2536,#2902);
#2536=IFCAXIS2PLACEMENT3D(#2537,#2538,#2539);
#2537=IFCCARTESIANPOINT((0.,0.,0.));
#2538=IFCDIRECTION((0.,0.,1.));
#2539=IFCDIRECTION((1.,0.,0.));
#2613=IFCREPRESENTATIONMAP(#2614,#2920);
#2614=IFCAXIS2PLACEMENT3D(#2615,#2616,#2617);
#2615=IFCCARTESIANPOINT((0.,0.,0.));
#2616=IFCDIRECTION((0.,0.,1.));
#2617=IFCDIRECTION((1.,0.,0.));
#2762=IFCDOOR('1EtKPovIj1gwu2T5e70uXV',$,'Door',$,$,#4022,#2771,$,2.,0.72169864177703857,$,.SINGLE_SWING_RIGHT.,$);
#2763=IFCRELDEFINESBYTYPE('3dvxJxtiPDWvFhRiCBKNJF',$,$,$,(#2762),#2524);
#2764=IFCCARTESIANPOINT((0.,0.,0.));
#2765=IFCDIRECTION((1.,0.,0.));
#2766=IFCDIRECTION((0.,1.,0.));
#2767=IFCDIRECTION((0.,0.,1.));
#2768=IFCCARTESIANTRANSFORMATIONOPERATOR3D(#2765,#2766,#2764,1.,#2767);
#2769=IFCMAPPEDITEM(#2527,#2768);
#2770=IFCSHAPEREPRESENTATION(#18,'Profile','MappedRepresentation',(#2769));
#2771=IFCPRODUCTDEFINITIONSHAPE($,$,(#2770,#2778,#2785));
#2772=IFCCARTESIANPOINT((0.,0.,0.));
#2773=IFCDIRECTION((1.,0.,0.));
#2774=IFCDIRECTION((0.,1.,0.));
#2775=IFCDIRECTION((0.,0.,1.));
#2776=IFCCARTESIANTRANSFORMATIONOPERATOR3D(#2773,#2774,#2772,1.,#2775);
#2777=IFCMAPPEDITEM(#2535,#2776);
#2778=IFCSHAPEREPRESENTATION(#11,'Body','MappedRepresentation',(#2777));
#2779=IFCCARTESIANPOINT((0.,0.,0.));
#2780=IFCDIRECTION((1.,0.,0.));
#2781=IFCDIRECTION((0.,1.,0.));
#2782=IFCDIRECTION((0.,0.,1.));
#2783=IFCCARTESIANTRANSFORMATIONOPERATOR3D(#2780,#2781,#2779,1.,#2782);
#2784=IFCMAPPEDITEM(#2613,#2783);
#2785=IFCSHAPEREPRESENTATION(#24,'Body','MappedRepresentation',(#2784));
#2786=IFCOPENINGELEMENT('22B4WZnIv1nOZhbNGEnaGe',$,'Opening',$,$,#2940,#2814,$,.OPENING.);
#2802=IFCCARTESIANPOINT((0.,0.,0.));
#2803=IFCDIRECTION((1.,0.,0.));
#2804=IFCDIRECTION((0.,0.,1.));
#2805=IFCAXIS2PLACEMENT3D(#2802,#2804,#2803);
#2806=IFCREPRESENTATIONMAP(#2805,#2930);
#2807=IFCCARTESIANPOINT((0.,0.,0.));
#2808=IFCDIRECTION((1.,0.,0.));
#2809=IFCDIRECTION((0.,1.,0.));
#2810=IFCDIRECTION((0.,0.,1.));
#2811=IFCCARTESIANTRANSFORMATIONOPERATOR3D(#2808,#2809,#2807,1.,#2810);
#2812=IFCMAPPEDITEM(#2806,#2811);
#2813=IFCSHAPEREPRESENTATION(#11,'Body','MappedRepresentation',(#2812));
#2814=IFCPRODUCTDEFINITIONSHAPE($,$,(#2813));
#2815=IFCRELVOIDSELEMENT('1WfE1Yxvr1twJ8lD70Z28w',$,$,$,#695,#2786);
#2821=IFCRELFILLSELEMENT('11u9QKt2vA3w43iXY4noQx',$,$,$,#2786,#2762);
#2827=IFCCARTESIANPOINTLIST3D(((0.,0.,0.),(0.72169864177703857,0.,0.),(0.72169864177703857,0.,2.),(0.,0.,2.)));
#2828=IFCINDEXEDPOLYCURVE(#2827,(IFCLINEINDEX((1,2,3,4,1))),$);
#2829=IFCSHAPEREPRESENTATION(#18,'Profile','Curve3D',(#2828));
#2830=IFCCARTESIANPOINTLIST2D(((0.,0.),(0.,2.),(0.72169864177703857,2.),(0.72169864177703857,0.),(0.69669864140450954,0.),(0.69669864140450954,1.974999999627471),(0.02500000037252903,1.974999999627471),(0.02500000037252903,0.)));
#2831=IFCINDEXEDPOLYCURVE(#2830,(IFCLINEINDEX((1,2,3,4,5,6,7,8,1))),$);
#2832=IFCARBITRARYCLOSEDPROFILEDEF(.AREA.,$,#2831);
#2833=IFCCARTESIANPOINT((0.,0.02500000037252903,0.));
#2834=IFCDIRECTION((0.,-1.,0.));
#2835=IFCDIRECTION((1.,0.,0.));
#2836=IFCAXIS2PLACEMENT3D(#2833,#2834,#2835);
#2837=IFCDIRECTION((0.,0.,-1.));
#2838=IFCEXTRUDEDAREASOLID(#2832,#2836,#2837,0.02500000037252903);
#2839=IFCCARTESIANPOINTLIST2D(((0.,0.),(0.,2.),(0.72169864177703857,2.),(0.72169864177703857,0.),(0.67169864103198051,0.),(0.67169864103198051,1.9499999992549419),(0.05000000074505806,1.9499999992549419),(0.05000000074505806,0.)));
#2840=IFCINDEXEDPOLYCURVE(#2839,(IFCLINEINDEX((1,2,3,4,5,6,7,8,1))),$);
#2841=IFCARBITRARYCLOSEDPROFILEDEF(.AREA.,$,#2840);
#2842=IFCCARTESIANPOINT((0.,0.,0.));
#2843=IFCDIRECTION((0.,-1.,0.));
#2844=IFCDIRECTION((1.,0.,0.));
#2845=IFCAXIS2PLACEMENT3D(#2842,#2843,#2844);
#2846=IFCDIRECTION((0.,0.,-1.));
#2847=IFCEXTRUDEDAREASOLID(#2841,#2845,#2846,0.02500000037252903);
#2848=IFCCARTESIANPOINTLIST2D(((0.,0.),(0.62169864028692245,0.),(0.62169864028692245,0.10000000149011612),(0.,0.10000000149011612)));
#2849=IFCINDEXEDPOLYCURVE(#2848,(IFCLINEINDEX((1,2,3,4,1))),$);
#2850=IFCARBITRARYCLOSEDPROFILEDEF(.AREA.,$,#2849);
#2851=IFCCARTESIANPOINT((0.05000000074505806,0.,0.));
#2852=IFCDIRECTION((0.,0.,1.));
#2853=IFCDIRECTION((1.,0.,0.));
#2854=IFCAXIS2PLACEMENT3D(#2851,#2852,#2853);
#2855=IFCDIRECTION((0.,0.,1.));
#2856=IFCEXTRUDEDAREASOLID(#2850,#2854,#2855,0.02500000037252903);
#2857=IFCCARTESIANPOINTLIST2D(((0.,0.),(0.,2.0250000022351742),(0.77169864624738693,2.0250000022351742),(0.77169864624738693,0.),(0.69669864326715469,0.),(0.69669864326715469,1.9499999992549419),(0.075000002980232239,1.9499999992549419),(0.075000002980232239,0.)));
#2858=IFCINDEXEDPOLYCURVE(#2857,(IFCLINEINDEX((1,2,3,4,5,6,7,8,1))),$);
#2859=IFCARBITRARYCLOSEDPROFILEDEF(.AREA.,$,#2858);
#2860=IFCCARTESIANPOINT((-0.025000002235174179,-0.004999999888241291,0.));
#2861=IFCDIRECTION((0.,-1.,0.));
#2862=IFCDIRECTION((1.,0.,0.));
#2863=IFCAXIS2PLACEMENT3D(#2860,#2861,#2862);
#2864=IFCDIRECTION((0.,0.,-1.));
#2865=IFCEXTRUDEDAREASOLID(#2859,#2863,#2864,0.004999999888241291);
#2866=IFCCARTESIANPOINTLIST2D(((0.,0.),(0.,2.0250000022351742),(0.77169864624738693,2.0250000022351742),(0.77169864624738693,0.),(0.72169864363968372,0.),(0.72169864363968372,1.974999999627471),(0.050000002607703209,1.974999999627471),(0.050000002607703209,0.)));
#2867=IFCINDEXEDPOLYCURVE(#2866,(IFCLINEINDEX((1,2,3,4,5,6,7,8,1))),$);
#2868=IFCARBITRARYCLOSEDPROFILEDEF(.AREA.,$,#2867);
#2869=IFCCARTESIANPOINT((-0.025000002235174179,0.05000000074505806,0.));
#2870=IFCDIRECTION((0.,-1.,0.));
#2871=IFCDIRECTION((1.,0.,0.));
#2872=IFCAXIS2PLACEMENT3D(#2869,#2870,#2871);
#2873=IFCDIRECTION((0.,0.,-1.));
#2874=IFCEXTRUDEDAREASOLID(#2868,#2872,#2873,0.004999999888241291);
#2875=IFCCARTESIANPOINTLIST2D(((0.,0.),(0.67169864103198051,0.),(0.67169864103198051,0.035000000149011612),(0.,0.035000000149011612)));
#2876=IFCINDEXEDPOLYCURVE(#2875,(IFCLINEINDEX((1,2,3,4,1))),$);
#2877=IFCARBITRARYCLOSEDPROFILEDEF(.AREA.,$,#2876);
#2878=IFCCARTESIANPOINT((0.02500000037252903,0.02500000037252903,0.02500000037252903));
#2879=IFCDIRECTION((0.,0.,1.));
#2880=IFCDIRECTION((1.,0.,0.));
#2881=IFCAXIS2PLACEMENT3D(#2878,#2879,#2880);
#2882=IFCDIRECTION((0.,0.,1.));
#2883=IFCEXTRUDEDAREASOLID(#2877,#2881,#2882,1.9499999992549419);
#2884=IFCCARTESIANPOINTLIST2D(((0.,0.),(0.,-0.040000000000000001),(0.12,-0.040000000000000001),(0.12,-0.02),(0.02,-0.02),(0.02,0.)));
#2885=IFCINDEXEDPOLYCURVE(#2884,(IFCLINEINDEX((1,2,3,4,5,6,1))),$);
#2886=IFCARBITRARYCLOSEDPROFILEDEF(.AREA.,$,#2885);
#2887=IFCCARTESIANPOINT((0.075000000372529033,0.02500000037252903,1.015000000372529));
#2888=IFCDIRECTION((0.,0.,1.));
#2889=IFCDIRECTION((1.,0.,0.));
#2890=IFCAXIS2PLACEMENT3D(#2887,#2888,#2889);
#2891=IFCDIRECTION((0.,0.,1.));
#2892=IFCEXTRUDEDAREASOLID(#2886,#2890,#2891,0.02);
#2893=IFCEXTRUDEDAREASOLID(#2894,#2897,#2901,0.02);
#2894=IFCARBITRARYCLOSEDPROFILEDEF(.AREA.,$,#2895);
#2895=IFCINDEXEDPOLYCURVE(#2896,(IFCLINEINDEX((1,2,3,4,5,6,1))),$);
#2896=IFCCARTESIANPOINTLIST2D(((0.,0.),(0.,0.040000000000000008),(0.11999999999999998,0.040000000000000008),(0.11999999999999998,0.020000000000000004),(0.020000000000000004,0.020000000000000004),(0.020000000000000004,0.)));
#2897=IFCAXIS2PLACEMENT3D(#2898,#2899,#2900);
#2898=IFCCARTESIANPOINT((0.075000000372529033,0.060000000521540642,1.015000000372529));
#2899=IFCDIRECTION((0.,0.,1.));
#2900=IFCDIRECTION((1.,0.,0.));
#2901=IFCDIRECTION((0.,0.,1.));
#2902=IFCSHAPEREPRESENTATION(#11,'Body','SweptSolid',(#2838,#2847,#2883,#2892,#2893,#2856,#2865,#2874));
#2903=IFCSHAPEREPRESENTATION(#11,'Body','SweptSolid',(#2838,#2847,#2856,#2865,#2874));
#2904=IFCSHAPEASPECT((#2903),'Lining',$,.T.,#2771);
#2905=IFCSHAPEREPRESENTATION(#11,'Body','SweptSolid',(#2883,#2892,#2893));
#2906=IFCSHAPEASPECT((#2905),'Framing',$,.T.,#2771);
#2907=IFCCARTESIANPOINTLIST2D(((0.,0.),(0.,0.05000000074505806),(0.02500000037252903,0.05000000074505806),(0.02500000037252903,0.02500000037252903),(0.05000000074505806,0.02500000037252903),(0.05000000074505806,0.)));
#2908=IFCINDEXEDPOLYCURVE(#2907,(IFCLINEINDEX((1,2,3,4,5,6,1))),$);
#2909=IFCINDEXEDPOLYCURVE(#2910,(IFCLINEINDEX((1,2,3,4,5,6,1))),$);
#2910=IFCCARTESIANPOINTLIST2D(((0.72169864177703857,0.),(0.72169864177703857,0.05000000074505806),(0.69669864140450954,0.05000000074505806),(0.69669864140450954,0.02500000037252903),(0.67169864103198051,0.02500000037252903),(0.67169864103198051,0.)));
#2911=IFCDIRECTION((1.,0.));
#2912=IFCCARTESIANPOINT((0.66169864125549793,0.05000000074505806));
#2913=IFCAXIS2PLACEMENT2D(#2912,#2911);
#2914=IFCELLIPSE(#2913,0.6366986408829689,0.67169864103198051);
#2915=IFCCARTESIANPOINT((0.66169864125549793,0.72169864177703857));
#2916=IFCCARTESIANPOINT((0.02500000037252903,0.05000000074505806));
#2917=IFCTRIMMEDCURVE(#2914,(#2915),(#2916),.T.,.CARTESIAN.);
#2918=IFCCARTESIANPOINTLIST2D(((0.69669864140450954,0.05000000074505806),(0.66169864125549793,0.05000000074505806),(0.66169864125549793,0.72169864177703857),(0.69669864140450954,0.72169864177703857)));
#2919=IFCINDEXEDPOLYCURVE(#2918,(IFCLINEINDEX((1,2,3,4,1))),$);
#2920=IFCSHAPEREPRESENTATION(#24,'Body','Curve2D',(#2908,#2909,#2917,#2919));
#2921=IFCCARTESIANPOINTLIST2D(((0.,0.),(0.72169864177703857,0.),(0.72169864177703857,2.),(0.,2.)));
#2922=IFCINDEXEDPOLYCURVE(#2921,(IFCLINEINDEX((1,2,3,4,1))),$);
#2923=IFCARBITRARYCLOSEDPROFILEDEF(.AREA.,$,#2922);
#2924=IFCCARTESIANPOINT((0.,-0.60000002384185791,0.));
#2925=IFCDIRECTION((0.,-1.,0.));
#2926=IFCDIRECTION((1.,0.,0.));
#2927=IFCAXIS2PLACEMENT3D(#2924,#2925,#2926);
#2928=IFCDIRECTION((0.,0.,-1.));
#2929=IFCEXTRUDEDAREASOLID(#2923,#2927,#2928,1.2);
#2930=IFCSHAPEREPRESENTATION(#11,'Body','SweptSolid',(#2929));
#2936=IFCCARTESIANPOINT((0.77199790914869348,0.099999935736819312,0.));
#2937=IFCDIRECTION((0.,0.,1.));
#2938=IFCDIRECTION((-0.99999999999999623,8.7422790784325385E-08,0.));
#2939=IFCAXIS2PLACEMENT3D(#2936,#2937,#2938);
#2940=IFCLOCALPLACEMENT(#823,#2939);
#2946=IFCDOORTYPE('0p3WrH5uj9UxUBSbScekeY',$,'Maid''s - GF',$,$,(#2947),(#2949,#2957,#3035,#3236),$,$,.DOOR.,.SINGLE_SWING_LEFT.,$,$);
#2947=IFCPROPERTYSET('1XeIgoZ0HDuOPkFqNuavs0',$,'BBIM_Door',$,(#2948));
#2948=IFCPROPERTYSINGLEVALUE('Data',$,IFCTEXT('{"door_type": "SLIDING_TO_RIGHT", "overall_height": 2.0, "overall_width": 1.365116000175476, "lining_properties": {"lining_depth": 0.05000000074505806, "lining_thickness": 0.05000000074505806, "lining_offset": 0.0, "transom_thickness": 0.0, "casing_thickness": 0.07500000298023224, "casing_depth": 0.004999999888241291, "threshold_thickness": 0.02500000037252903, "threshold_depth": 0.10000000149011612, "threshold_offset": 0.0}, "panel_properties": {"panel_depth": 0.03500000014901161, "panel_width_ratio": 1.0}}'),$);
#2949=IFCREPRESENTATIONMAP(#2950,#3375);
#2950=IFCAXIS2PLACEMENT3D(#2951,#2952,#2953);
#2951=IFCCARTESIANPOINT((0.,0.,0.));
#2952=IFCDIRECTION((0.,0.,1.));
#2953=IFCDIRECTION((1.,0.,0.));
#2957=IFCREPRESENTATIONMAP(#2958,#3439);
#2958=IFCAXIS2PLACEMENT3D(#2959,#2960,#2961);
#2959=IFCCARTESIANPOINT((0.,0.,0.));
#2960=IFCDIRECTION((0.,0.,1.));
#2961=IFCDIRECTION((1.,0.,0.));
#3035=IFCREPRESENTATIONMAP(#3036,#3446);
#3036=IFCAXIS2PLACEMENT3D(#3037,#3038,#3039);
#3037=IFCCARTESIANPOINT((0.,0.,0.));
#3038=IFCDIRECTION((0.,0.,1.));
#3039=IFCDIRECTION((1.,0.,0.));
#3054=IFCDOOR('0A7BfbMRP5Hw$pnE68INtX',$,'Door',$,$,#3476,#3063,$,2.,1.3651160001754761,$,.SLIDING_TO_RIGHT.,$);
#3055=IFCRELDEFINESBYTYPE('3CkYkA$cL0weoZXjFWPPEf',$,$,$,(#3054),#2946);
#3056=IFCCARTESIANPOINT((0.,0.,0.));
#3057=IFCDIRECTION((1.,0.,0.));
#3058=IFCDIRECTION((0.,1.,0.));
#3059=IFCDIRECTION((0.,0.,1.));
#3060=IFCCARTESIANTRANSFORMATIONOPERATOR3D(#3057,#3058,#3056,1.,#3059);
#3061=IFCMAPPEDITEM(#2949,#3060);
#3062=IFCSHAPEREPRESENTATION(#18,'Profile','MappedRepresentation',(#3061));
#3063=IFCPRODUCTDEFINITIONSHAPE($,$,(#3062,#3070,#3077,#3243));
#3064=IFCCARTESIANPOINT((0.,0.,0.));
#3065=IFCDIRECTION((1.,0.,0.));
#3066=IFCDIRECTION((0.,1.,0.));
#3067=IFCDIRECTION((0.,0.,1.));
#3068=IFCCARTESIANTRANSFORMATIONOPERATOR3D(#3065,#3066,#3064,1.,#3067);
#3069=IFCMAPPEDITEM(#2957,#3068);
#3070=IFCSHAPEREPRESENTATION(#11,'Body','MappedRepresentation',(#3069));
#3071=IFCCARTESIANPOINT((0.,0.,0.));
#3072=IFCDIRECTION((1.,0.,0.));
#3073=IFCDIRECTION((0.,1.,0.));
#3074=IFCDIRECTION((0.,0.,1.));
#3075=IFCCARTESIANTRANSFORMATIONOPERATOR3D(#3072,#3073,#3071,1.,#3074);
#3076=IFCMAPPEDITEM(#3035,#3075);
#3077=IFCSHAPEREPRESENTATION(#24,'Body','MappedRepresentation',(#3076));
#3078=IFCOPENINGELEMENT('2bCZ8Vxm9DLfbChx4Mwk18',$,'Opening',$,$,#3471,#3106,$,.OPENING.);
#3094=IFCCARTESIANPOINT((0.,0.,0.));
#3095=IFCDIRECTION((1.,0.,0.));
#3096=IFCDIRECTION((0.,0.,1.));
#3097=IFCAXIS2PLACEMENT3D(#3094,#3096,#3095);
#3098=IFCREPRESENTATIONMAP(#3097,#3461);
#3099=IFCCARTESIANPOINT((0.,0.,0.));
#3100=IFCDIRECTION((1.,0.,0.));
#3101=IFCDIRECTION((0.,1.,0.));
#3102=IFCDIRECTION((0.,0.,1.));
#3103=IFCCARTESIANTRANSFORMATIONOPERATOR3D(#3100,#3101,#3099,1.,#3102);
#3104=IFCMAPPEDITEM(#3098,#3103);
#3105=IFCSHAPEREPRESENTATION(#11,'Body','MappedRepresentation',(#3104));
#3106=IFCPRODUCTDEFINITIONSHAPE($,$,(#3105));
#3107=IFCRELVOIDSELEMENT('3I3LcbAlf0uRpF2IzOpuLl',$,$,$,#876,#3078);
#3113=IFCRELFILLSELEMENT('2$Ewm_d$P44e1xHnvzT34z',$,$,$,#3078,#3054);
#3152=IFCCARTESIANPOINTLIST2D(((0.,0.),(0.,2.),(1.3651160001754761,2.),(1.3651160001754761,0.),(1.315115999430418,0.),(1.315115999430418,1.9499999992549419),(0.05000000074505806,1.9499999992549419),(0.05000000074505806,0.)));
#3153=IFCINDEXEDPOLYCURVE(#3152,(IFCLINEINDEX((1,2,3,4,5,6,7,8,1))),$);
#3154=IFCARBITRARYCLOSEDPROFILEDEF(.AREA.,$,#3153);
#3155=IFCCARTESIANPOINT((0.,0.,0.));
#3156=IFCDIRECTION((0.,-1.,0.));
#3157=IFCDIRECTION((1.,0.,0.));
#3158=IFCAXIS2PLACEMENT3D(#3155,#3156,#3157);
#3159=IFCDIRECTION((0.,0.,-1.));
#3160=IFCEXTRUDEDAREASOLID(#3154,#3158,#3159,0.05000000074505806);
#3161=IFCCARTESIANPOINTLIST2D(((0.,0.),(1.26511599868536,0.),(1.26511599868536,0.10000000149011612),(0.,0.10000000149011612)));
#3162=IFCINDEXEDPOLYCURVE(#3161,(IFCLINEINDEX((1,2,3,4,1))),$);
#3163=IFCARBITRARYCLOSEDPROFILEDEF(.AREA.,$,#3162);
#3164=IFCCARTESIANPOINT((0.05000000074505806,0.,0.));
#3165=IFCDIRECTION((0.,0.,1.));
#3166=IFCDIRECTION((1.,0.,0.));
#3167=IFCAXIS2PLACEMENT3D(#3164,#3165,#3166);
#3168=IFCDIRECTION((0.,0.,1.));
#3169=IFCEXTRUDEDAREASOLID(#3163,#3167,#3168,0.02500000037252903);
#3170=IFCCARTESIANPOINTLIST2D(((0.,0.),(0.,2.0250000022351742),(1.4151160046458244,2.0250000022351742),(1.4151160046458244,0.),(1.3401160016655922,0.),(1.3401160016655922,1.9499999992549419),(0.075000002980232239,1.9499999992549419),(0.075000002980232239,0.)));
#3171=IFCINDEXEDPOLYCURVE(#3170,(IFCLINEINDEX((1,2,3,4,5,6,7,8,1))),$);
#3172=IFCARBITRARYCLOSEDPROFILEDEF(.AREA.,$,#3171);
#3173=IFCCARTESIANPOINT((-0.025000002235174179,-0.004999999888241291,0.));
#3174=IFCDIRECTION((0.,-1.,0.));
#3175=IFCDIRECTION((1.,0.,0.));
#3176=IFCAXIS2PLACEMENT3D(#3173,#3174,#3175);
#3177=IFCDIRECTION((0.,0.,-1.));
#3178=IFCEXTRUDEDAREASOLID(#3172,#3176,#3177,0.004999999888241291);
#3179=IFCCARTESIANPOINTLIST2D(((0.,0.),(0.,2.0250000022351742),(1.4151160046458244,2.0250000022351742),(1.4151160046458244,0.),(1.3401160016655922,0.),(1.3401160016655922,1.9499999992549419),(0.075000002980232239,1.9499999992549419),(0.075000002980232239,0.)));
#3180=IFCINDEXEDPOLYCURVE(#3179,(IFCLINEINDEX((1,2,3,4,5,6,7,8,1))),$);
#3181=IFCARBITRARYCLOSEDPROFILEDEF(.AREA.,$,#3180);
#3182=IFCCARTESIANPOINT((-0.025000002235174179,0.05000000074505806,0.));
#3183=IFCDIRECTION((0.,-1.,0.));
#3184=IFCDIRECTION((1.,0.,0.));
#3185=IFCAXIS2PLACEMENT3D(#3182,#3183,#3184);
#3186=IFCDIRECTION((0.,0.,-1.));
#3187=IFCEXTRUDEDAREASOLID(#3181,#3185,#3186,0.004999999888241291);
#3188=IFCCARTESIANPOINTLIST2D(((0.,0.),(1.26511599868536,0.),(1.26511599868536,0.035000000149011612),(0.,0.035000000149011612)));
#3189=IFCINDEXEDPOLYCURVE(#3188,(IFCLINEINDEX((1,2,3,4,1))),$);
#3190=IFCARBITRARYCLOSEDPROFILEDEF(.AREA.,$,#3189);
#3191=IFCCARTESIANPOINT((0.05000000074505806,-0.035000000149011612,0.02500000037252903));
#3192=IFCDIRECTION((0.,0.,1.));
#3193=IFCDIRECTION((1.,0.,0.));
#3194=IFCAXIS2PLACEMENT3D(#3191,#3192,#3193);
#3195=IFCDIRECTION((0.,0.,1.));
#3196=IFCEXTRUDEDAREASOLID(#3190,#3194,#3195,1.9249999988824129);
#3197=IFCCARTESIANPOINTLIST2D(((0.,0.),(0.,-0.040000000000000001),(0.12,-0.040000000000000001),(0.12,-0.02),(0.02,-0.02),(0.02,0.)));
#3198=IFCINDEXEDPOLYCURVE(#3197,(IFCLINEINDEX((1,2,3,4,5,6,1))),$);
#3199=IFCARBITRARYCLOSEDPROFILEDEF(.AREA.,$,#3198);
#3200=IFCCARTESIANPOINT((0.10000000074505806,-0.035000000149011612,1.015000000372529));
#3201=IFCDIRECTION((0.,0.,1.));
#3202=IFCDIRECTION((1.,0.,0.));
#3203=IFCAXIS2PLACEMENT3D(#3200,#3201,#3202);
#3204=IFCDIRECTION((0.,0.,1.));
#3205=IFCEXTRUDEDAREASOLID(#3199,#3203,#3204,0.02);
#3206=IFCEXTRUDEDAREASOLID(#3207,#3210,#3214,0.02);
#3207=IFCARBITRARYCLOSEDPROFILEDEF(.AREA.,$,#3208);
#3208=IFCINDEXEDPOLYCURVE(#3209,(IFCLINEINDEX((1,2,3,4,5,6,1))),$);
#3209=IFCCARTESIANPOINTLIST2D(((0.,0.),(0.,0.040000000000000008),(0.11999999999999998,0.040000000000000008),(0.11999999999999998,0.020000000000000004),(0.020000000000000004,0.020000000000000004),(0.020000000000000004,0.)));
#3210=IFCAXIS2PLACEMENT3D(#3211,#3212,#3213);
#3211=IFCCARTESIANPOINT((0.10000000074505806,0.,1.015000000372529));
#3212=IFCDIRECTION((0.,0.,1.));
#3213=IFCDIRECTION((1.,0.,0.));
#3214=IFCDIRECTION((0.,0.,1.));
#3216=IFCSHAPEREPRESENTATION(#11,'Body','SweptSolid',(#3169,#3289,#3384,#3411,#3187,#3160,#3280,#3307,#3402,#3298,#3393,#3178));
#3217=IFCSHAPEASPECT((#3216),'Lining',$,.T.,#3063);
#3218=IFCSHAPEREPRESENTATION(#11,'Body','SweptSolid',(#3316,#3430,#3205,#3325,#3326,#3196,#3429,#3420,#3206));
#3219=IFCSHAPEASPECT((#3218),'Framing',$,.T.,#3063);
#3232=IFCCARTESIANPOINT((0.,0.,0.));
#3233=IFCDIRECTION((1.,0.,0.));
#3234=IFCDIRECTION((0.,0.,1.));
#3235=IFCAXIS2PLACEMENT3D(#3232,#3234,#3233);
#3236=IFCREPRESENTATIONMAP(#3235,#3451);
#3237=IFCCARTESIANPOINT((0.,0.,0.));
#3238=IFCDIRECTION((1.,0.,0.));
#3239=IFCDIRECTION((0.,1.,0.));
#3240=IFCDIRECTION((0.,0.,1.));
#3241=IFCCARTESIANTRANSFORMATIONOPERATOR3D(#3238,#3239,#3237,1.,#3240);
#3242=IFCMAPPEDITEM(#3236,#3241);
#3243=IFCSHAPEREPRESENTATION(#25,'Annotation','MappedRepresentation',(#3242));
#3272=IFCCARTESIANPOINTLIST2D(((0.,0.),(0.,2.),(1.3651160001754761,2.),(1.3651160001754761,0.),(1.315115999430418,0.),(1.315115999430418,1.9499999992549419),(0.05000000074505806,1.9499999992549419),(0.05000000074505806,0.)));
#3273=IFCINDEXEDPOLYCURVE(#3272,(IFCLINEINDEX((1,2,3,4,5,6,7,8,1))),$);
#3274=IFCARBITRARYCLOSEDPROFILEDEF(.AREA.,$,#3273);
#3275=IFCCARTESIANPOINT((0.,0.,0.));
#3276=IFCDIRECTION((0.,-1.,0.));
#3277=IFCDIRECTION((1.,0.,0.));
#3278=IFCAXIS2PLACEMENT3D(#3275,#3276,#3277);
#3279=IFCDIRECTION((0.,0.,-1.));
#3280=IFCEXTRUDEDAREASOLID(#3274,#3278,#3279,0.05000000074505806);
#3281=IFCCARTESIANPOINTLIST2D(((0.,0.),(1.26511599868536,0.),(1.26511599868536,0.10000000149011612),(0.,0.10000000149011612)));
#3282=IFCINDEXEDPOLYCURVE(#3281,(IFCLINEINDEX((1,2,3,4,1))),$);
#3283=IFCARBITRARYCLOSEDPROFILEDEF(.AREA.,$,#3282);
#3284=IFCCARTESIANPOINT((0.05000000074505806,0.,0.));
#3285=IFCDIRECTION((0.,0.,1.));
#3286=IFCDIRECTION((1.,0.,0.));
#3287=IFCAXIS2PLACEMENT3D(#3284,#3285,#3286);
#3288=IFCDIRECTION((0.,0.,1.));
#3289=IFCEXTRUDEDAREASOLID(#3283,#3287,#3288,0.02500000037252903);
#3290=IFCCARTESIANPOINTLIST2D(((0.,0.),(0.,2.0250000022351742),(1.4151160046458244,2.0250000022351742),(1.4151160046458244,0.),(1.3401160016655922,0.),(1.3401160016655922,1.9499999992549419),(0.075000002980232239,1.9499999992549419),(0.075000002980232239,0.)));
#3291=IFCINDEXEDPOLYCURVE(#3290,(IFCLINEINDEX((1,2,3,4,5,6,7,8,1))),$);
#3292=IFCARBITRARYCLOSEDPROFILEDEF(.AREA.,$,#3291);
#3293=IFCCARTESIANPOINT((-0.025000002235174179,-0.004999999888241291,0.));
#3294=IFCDIRECTION((0.,-1.,0.));
#3295=IFCDIRECTION((1.,0.,0.));
#3296=IFCAXIS2PLACEMENT3D(#3293,#3294,#3295);
#3297=IFCDIRECTION((0.,0.,-1.));
#3298=IFCEXTRUDEDAREASOLID(#3292,#3296,#3297,0.004999999888241291);
#3299=IFCCARTESIANPOINTLIST2D(((0.,0.),(0.,2.0250000022351742),(1.4151160046458244,2.0250000022351742),(1.4151160046458244,0.),(1.3401160016655922,0.),(1.3401160016655922,1.9499999992549419),(0.075000002980232239,1.9499999992549419),(0.075000002980232239,0.)));
#3300=IFCINDEXEDPOLYCURVE(#3299,(IFCLINEINDEX((1,2,3,4,5,6,7,8,1))),$);
#3301=IFCARBITRARYCLOSEDPROFILEDEF(.AREA.,$,#3300);
#3302=IFCCARTESIANPOINT((-0.025000002235174179,0.05000000074505806,0.));
#3303=IFCDIRECTION((0.,-1.,0.));
#3304=IFCDIRECTION((1.,0.,0.));
#3305=IFCAXIS2PLACEMENT3D(#3302,#3303,#3304);
#3306=IFCDIRECTION((0.,0.,-1.));
#3307=IFCEXTRUDEDAREASOLID(#3301,#3305,#3306,0.004999999888241291);
#3308=IFCCARTESIANPOINTLIST2D(((0.,0.),(1.26511599868536,0.),(1.26511599868536,0.035000000149011612),(0.,0.035000000149011612)));
#3309=IFCINDEXEDPOLYCURVE(#3308,(IFCLINEINDEX((1,2,3,4,1))),$);
#3310=IFCARBITRARYCLOSEDPROFILEDEF(.AREA.,$,#3309);
#3311=IFCCARTESIANPOINT((0.05000000074505806,-0.035000000149011612,0.02500000037252903));
#3312=IFCDIRECTION((0.,0.,1.));
#3313=IFCDIRECTION((1.,0.,0.));
#3314=IFCAXIS2PLACEMENT3D(#3311,#3312,#3313);
#3315=IFCDIRECTION((0.,0.,1.));
#3316=IFCEXTRUDEDAREASOLID(#3310,#3314,#3315,1.9249999988824129);
#3317=IFCCARTESIANPOINTLIST2D(((0.,0.),(0.,-0.040000000000000001),(0.12,-0.040000000000000001),(0.12,-0.02),(0.02,-0.02),(0.02,0.)));
#3318=IFCINDEXEDPOLYCURVE(#3317,(IFCLINEINDEX((1,2,3,4,5,6,1))),$);
#3319=IFCARBITRARYCLOSEDPROFILEDEF(.AREA.,$,#3318);
#3320=IFCCARTESIANPOINT((0.10000000074505806,-0.035000000149011612,1.015000000372529));
#3321=IFCDIRECTION((0.,0.,1.));
#3322=IFCDIRECTION((1.,0.,0.));
#3323=IFCAXIS2PLACEMENT3D(#3320,#3321,#3322);
#3324=IFCDIRECTION((0.,0.,1.));
#3325=IFCEXTRUDEDAREASOLID(#3319,#3323,#3324,0.02);
#3326=IFCEXTRUDEDAREASOLID(#3327,#3330,#3334,0.02);
#3327=IFCARBITRARYCLOSEDPROFILEDEF(.AREA.,$,#3328);
#3328=IFCINDEXEDPOLYCURVE(#3329,(IFCLINEINDEX((1,2,3,4,5,6,1))),$);
#3329=IFCCARTESIANPOINTLIST2D(((0.,0.),(0.,0.040000000000000008),(0.11999999999999998,0.040000000000000008),(0.11999999999999998,0.020000000000000004),(0.020000000000000004,0.020000000000000004),(0.020000000000000004,0.)));
#3330=IFCAXIS2PLACEMENT3D(#3331,#3332,#3333);
#3331=IFCCARTESIANPOINT((0.10000000074505806,0.,1.015000000372529));
#3332=IFCDIRECTION((0.,0.,1.));
#3333=IFCDIRECTION((1.,0.,0.));
#3334=IFCDIRECTION((0.,0.,1.));
#3373=IFCCARTESIANPOINTLIST3D(((0.,0.,0.),(1.3651160001754761,0.,0.),(1.3651160001754761,0.,2.),(0.,0.,2.)));
#3374=IFCINDEXEDPOLYCURVE(#3373,(IFCLINEINDEX((1,2,3,4,1))),$);
#3375=IFCSHAPEREPRESENTATION(#18,'Profile','Curve3D',(#3374));
#3376=IFCCARTESIANPOINTLIST2D(((0.,0.),(0.,2.),(1.3651160001754761,2.),(1.3651160001754761,0.),(1.315115999430418,0.),(1.315115999430418,1.9499999992549419),(0.05000000074505806,1.9499999992549419),(0.05000000074505806,0.)));
#3377=IFCINDEXEDPOLYCURVE(#3376,(IFCLINEINDEX((1,2,3,4,5,6,7,8,1))),$);
#3378=IFCARBITRARYCLOSEDPROFILEDEF(.AREA.,$,#3377);
#3379=IFCCARTESIANPOINT((0.,0.,0.));
#3380=IFCDIRECTION((0.,-1.,0.));
#3381=IFCDIRECTION((1.,0.,0.));
#3382=IFCAXIS2PLACEMENT3D(#3379,#3380,#3381);
#3383=IFCDIRECTION((0.,0.,-1.));
#3384=IFCEXTRUDEDAREASOLID(#3378,#3382,#3383,0.05000000074505806);
#3385=IFCCARTESIANPOINTLIST2D(((0.,0.),(1.26511599868536,0.),(1.26511599868536,0.10000000149011612),(0.,0.10000000149011612)));
#3386=IFCINDEXEDPOLYCURVE(#3385,(IFCLINEINDEX((1,2,3,4,1))),$);
#3387=IFCARBITRARYCLOSEDPROFILEDEF(.AREA.,$,#3386);
#3388=IFCCARTESIANPOINT((0.05000000074505806,0.,0.));
#3389=IFCDIRECTION((0.,0.,1.));
#3390=IFCDIRECTION((1.,0.,0.));
#3391=IFCAXIS2PLACEMENT3D(#3388,#3389,#3390);
#3392=IFCDIRECTION((0.,0.,1.));
#3393=IFCEXTRUDEDAREASOLID(#3387,#3391,#3392,0.02500000037252903);
#3394=IFCCARTESIANPOINTLIST2D(((0.,0.),(0.,2.0250000022351742),(1.4151160046458244,2.0250000022351742),(1.4151160046458244,0.),(1.3401160016655922,0.),(1.3401160016655922,1.9499999992549419),(0.075000002980232239,1.9499999992549419),(0.075000002980232239,0.)));
#3395=IFCINDEXEDPOLYCURVE(#3394,(IFCLINEINDEX((1,2,3,4,5,6,7,8,1))),$);
#3396=IFCARBITRARYCLOSEDPROFILEDEF(.AREA.,$,#3395);
#3397=IFCCARTESIANPOINT((-0.025000002235174179,-0.004999999888241291,0.));
#3398=IFCDIRECTION((0.,-1.,0.));
#3399=IFCDIRECTION((1.,0.,0.));
#3400=IFCAXIS2PLACEMENT3D(#3397,#3398,#3399);
#3401=IFCDIRECTION((0.,0.,-1.));
#3402=IFCEXTRUDEDAREASOLID(#3396,#3400,#3401,0.004999999888241291);
#3403=IFCCARTESIANPOINTLIST2D(((0.,0.),(0.,2.0250000022351742),(1.4151160046458244,2.0250000022351742),(1.4151160046458244,0.),(1.3401160016655922,0.),(1.3401160016655922,1.9499999992549419),(0.075000002980232239,1.9499999992549419),(0.075000002980232239,0.)));
#3404=IFCINDEXEDPOLYCURVE(#3403,(IFCLINEINDEX((1,2,3,4,5,6,7,8,1))),$);
#3405=IFCARBITRARYCLOSEDPROFILEDEF(.AREA.,$,#3404);
#3406=IFCCARTESIANPOINT((-0.025000002235174179,0.05000000074505806,0.));
#3407=IFCDIRECTION((0.,-1.,0.));
#3408=IFCDIRECTION((1.,0.,0.));
#3409=IFCAXIS2PLACEMENT3D(#3406,#3407,#3408);
#3410=IFCDIRECTION((0.,0.,-1.));
#3411=IFCEXTRUDEDAREASOLID(#3405,#3409,#3410,0.004999999888241291);
#3412=IFCCARTESIANPOINTLIST2D(((0.,0.),(1.26511599868536,0.),(1.26511599868536,0.035000000149011612),(0.,0.035000000149011612)));
#3413=IFCINDEXEDPOLYCURVE(#3412,(IFCLINEINDEX((1,2,3,4,1))),$);
#3414=IFCARBITRARYCLOSEDPROFILEDEF(.AREA.,$,#3413);
#3415=IFCCARTESIANPOINT((0.05000000074505806,-0.035000000149011612,0.02500000037252903));
#3416=IFCDIRECTION((0.,0.,1.));
#3417=IFCDIRECTION((1.,0.,0.));
#3418=IFCAXIS2PLACEMENT3D(#3415,#3416,#3417);
#3419=IFCDIRECTION((0.,0.,1.));
#3420=IFCEXTRUDEDAREASOLID(#3414,#3418,#3419,1.9249999988824129);
#3421=IFCCARTESIANPOINTLIST2D(((0.,0.),(0.,-0.040000000000000001),(0.12,-0.040000000000000001),(0.12,-0.02),(0.02,-0.02),(0.02,0.)));
#3422=IFCINDEXEDPOLYCURVE(#3421,(IFCLINEINDEX((1,2,3,4,5,6,1))),$);
#3423=IFCARBITRARYCLOSEDPROFILEDEF(.AREA.,$,#3422);
#3424=IFCCARTESIANPOINT((0.10000000074505806,-0.035000000149011612,1.015000000372529));
#3425=IFCDIRECTION((0.,0.,1.));
#3426=IFCDIRECTION((1.,0.,0.));
#3427=IFCAXIS2PLACEMENT3D(#3424,#3425,#3426);
#3428=IFCDIRECTION((0.,0.,1.));
#3429=IFCEXTRUDEDAREASOLID(#3423,#3427,#3428,0.02);
#3430=IFCEXTRUDEDAREASOLID(#3431,#3434,#3438,0.02);
#3431=IFCARBITRARYCLOSEDPROFILEDEF(.AREA.,$,#3432);
#3432=IFCINDEXEDPOLYCURVE(#3433,(IFCLINEINDEX((1,2,3,4,5,6,1))),$);
#3433=IFCCARTESIANPOINTLIST2D(((0.,0.),(0.,0.040000000000000008),(0.11999999999999998,0.040000000000000008),(0.11999999999999998,0.020000000000000004),(0.020000000000000004,0.020000000000000004),(0.020000000000000004,0.)));
#3434=IFCAXIS2PLACEMENT3D(#3435,#3436,#3437);
#3435=IFCCARTESIANPOINT((0.10000000074505806,0.,1.015000000372529));
#3436=IFCDIRECTION((0.,0.,1.));
#3437=IFCDIRECTION((1.,0.,0.));
#3438=IFCDIRECTION((0.,0.,1.));
#3439=IFCSHAPEREPRESENTATION(#11,'Body','SweptSolid',(#3384,#3420,#3429,#3430,#3393,#3402,#3411));
#3440=IFCCARTESIANPOINTLIST2D(((0.,0.),(0.05000000074505806,0.),(0.05000000074505806,0.05000000074505806),(0.,0.05000000074505806)));
#3441=IFCINDEXEDPOLYCURVE(#3440,(IFCLINEINDEX((1,2,3,4,1))),$);
#3442=IFCINDEXEDPOLYCURVE(#3443,(IFCLINEINDEX((1,2,3,4,1))),$);
#3443=IFCCARTESIANPOINTLIST2D(((1.3651160001754761,0.),(1.315115999430418,0.),(1.315115999430418,0.05000000074505806),(1.3651160001754761,0.05000000074505806)));
#3444=IFCCARTESIANPOINTLIST2D(((1.947673998773098,-0.035000000149011612),(0.68255800008773804,-0.035000000149011612),(0.68255800008773804,0.),(1.947673998773098,0.)));
#3445=IFCINDEXEDPOLYCURVE(#3444,(IFCLINEINDEX((1,2,3,4,1))),$);
#3446=IFCSHAPEREPRESENTATION(#24,'Body','Curve2D',(#3441,#3442,#3445));
#3447=IFCCARTESIANPOINTLIST2D(((0.49279060028493399,-0.081587428267465345),(0.87232539989054203,-0.081587428267465345)));
#3448=IFCINDEXEDPOLYCURVE(#3447,$,$);
#3449=IFCCARTESIANPOINTLIST2D(((0.52279060028493396,-0.050529142855162856),(0.49279060028493399,-0.081587428267465345),(0.52279060028493396,-0.11264571367976783)));
#3450=IFCINDEXEDPOLYCURVE(#3449,$,$);
#3451=IFCSHAPEREPRESENTATION(#25,'Annotation','Curve2D',(#3448,#3450));
#3452=IFCCARTESIANPOINTLIST2D(((0.,0.),(1.3651160001754761,0.),(1.3651160001754761,2.),(0.,2.)));
#3453=IFCINDEXEDPOLYCURVE(#3452,(IFCLINEINDEX((1,2,3,4,1))),$);
#3454=IFCARBITRARYCLOSEDPROFILEDEF(.AREA.,$,#3453);
#3455=IFCCARTESIANPOINT((0.,-0.60000002384185791,0.));
#3456=IFCDIRECTION((0.,-1.,0.));
#3457=IFCDIRECTION((1.,0.,0.));
#3458=IFCAXIS2PLACEMENT3D(#3455,#3456,#3457);
#3459=IFCDIRECTION((0.,0.,-1.));
#3460=IFCEXTRUDEDAREASOLID(#3454,#3458,#3459,1.2);
#3461=IFCSHAPEREPRESENTATION(#11,'Body','SweptSolid',(#3460));
#3467=IFCCARTESIANPOINT((0.09462752401647645,0.075000084532971467,0.));
#3468=IFCDIRECTION((0.,0.,1.));
#3469=IFCDIRECTION((0.99999999999974409,-7.1525573730419686E-07,0.));
#3470=IFCAXIS2PLACEMENT3D(#3467,#3468,#3469);
#3471=IFCLOCALPLACEMENT(#1300,#3470);
#3472=IFCCARTESIANPOINT((0.,4.4408920985006262E-16,0.));
#3473=IFCDIRECTION((0.,0.,1.));
#3474=IFCDIRECTION((1.,4.2351647362715017E-22,0.));
#3475=IFCAXIS2PLACEMENT3D(#3472,#3473,#3474);
#3476=IFCLOCALPLACEMENT(#3471,#3475);
#3477=IFCWINDOWTYPE('2a77nbg$D9_wqlhLJVwStG',$,'Living - GF',$,$,(#3478),(#3487,#3535,#3557),$,$,.WINDOW.,.SINGLE_PANEL.,$,$);
#3478=IFCPROPERTYSET('2UV5TPzwTFBRhDdunSYuDn',$,'BBIM_Window',$,(#3479));
#3479=IFCPROPERTYSINGLEVALUE('Data',$,IFCTEXT('{"window_type": "SINGLE_PANEL", "overall_height": 0.8999999761581421, "overall_width": 0.7529209852218628, "lining_properties": {"lining_depth": 0.05000000074505806, "lining_thickness": 0.05000000074505806, "lining_offset": 0.05000000074505806, "lining_to_panel_offset_x": 0.02500000037252903, "lining_to_panel_offset_y": 0.02500000037252903}, "panel_properties": {"frame_depth": [0.03500000014901161, 0.03500000014901161, 0.03500000014901161], "frame_thickness": [0.03500000014901161, 0.03500000014901161, 0.03500000014901161]}}'),$);
#3483=IFCCARTESIANPOINT((0.,0.,0.));
#3484=IFCDIRECTION((1.,0.,0.));
#3485=IFCDIRECTION((0.,0.,1.));
#3486=IFCAXIS2PLACEMENT3D(#3483,#3485,#3484);
#3487=IFCREPRESENTATIONMAP(#3486,#3851);
#3531=IFCCARTESIANPOINT((0.,0.,0.));
#3532=IFCDIRECTION((1.,0.,0.));
#3533=IFCDIRECTION((0.,0.,1.));
#3534=IFCAXIS2PLACEMENT3D(#3531,#3533,#3532);
#3535=IFCREPRESENTATIONMAP(#3534,#3894);
#3553=IFCCARTESIANPOINT((0.,0.,0.));
#3554=IFCDIRECTION((1.,0.,0.));
#3555=IFCDIRECTION((0.,0.,1.));
#3556=IFCAXIS2PLACEMENT3D(#3553,#3555,#3554);
#3557=IFCREPRESENTATIONMAP(#3556,#3911);
#3615=IFCWINDOW('1c2I9EAV1C0vZnYJPCHRLO',$,'Window',$,$,#3936,#3624,$,0.89999997615814209,0.75292098522186279,$,.SINGLE_PANEL.,$);
#3616=IFCRELDEFINESBYTYPE('3tlL6CMCf1Qur1TiBJz3JS',$,$,$,(#3615),#3477);
#3617=IFCCARTESIANPOINT((0.,0.,0.));
#3618=IFCDIRECTION((1.,0.,0.));
#3619=IFCDIRECTION((0.,1.,0.));
#3620=IFCDIRECTION((0.,0.,1.));
#3621=IFCCARTESIANTRANSFORMATIONOPERATOR3D(#3618,#3619,#3617,1.,#3620);
#3622=IFCMAPPEDITEM(#3487,#3621);
#3623=IFCSHAPEREPRESENTATION(#18,'Profile','MappedRepresentation',(#3622));
#3624=IFCPRODUCTDEFINITIONSHAPE($,$,(#3623,#3631,#3638));
#3625=IFCCARTESIANPOINT((0.,0.,0.));
#3626=IFCDIRECTION((1.,0.,0.));
#3627=IFCDIRECTION((0.,1.,0.));
#3628=IFCDIRECTION((0.,0.,1.));
#3629=IFCCARTESIANTRANSFORMATIONOPERATOR3D(#3626,#3627,#3625,1.,#3628);
#3630=IFCMAPPEDITEM(#3535,#3629);
#3631=IFCSHAPEREPRESENTATION(#11,'Body','MappedRepresentation',(#3630));
#3632=IFCCARTESIANPOINT((0.,0.,0.));
#3633=IFCDIRECTION((1.,0.,0.));
#3634=IFCDIRECTION((0.,1.,0.));
#3635=IFCDIRECTION((0.,0.,1.));
#3636=IFCCARTESIANTRANSFORMATIONOPERATOR3D(#3633,#3634,#3632,1.,#3635);
#3637=IFCMAPPEDITEM(#3557,#3636);
#3638=IFCSHAPEREPRESENTATION(#24,'Body','MappedRepresentation',(#3637));
#3639=IFCOPENINGELEMENT('3$szRhWzr1nga5eYVMDdRV',$,'Opening',$,$,#3931,#3667,$,.OPENING.);
#3655=IFCCARTESIANPOINT((0.,0.,0.));
#3656=IFCDIRECTION((1.,0.,0.));
#3657=IFCDIRECTION((0.,0.,1.));
#3658=IFCAXIS2PLACEMENT3D(#3655,#3657,#3656);
#3659=IFCREPRESENTATIONMAP(#3658,#3921);
#3660=IFCCARTESIANPOINT((0.,0.,0.));
#3661=IFCDIRECTION((1.,0.,0.));
#3662=IFCDIRECTION((0.,1.,0.));
#3663=IFCDIRECTION((0.,0.,1.));
#3664=IFCCARTESIANTRANSFORMATIONOPERATOR3D(#3661,#3662,#3660,1.,#3663);
#3665=IFCMAPPEDITEM(#3659,#3664);
#3666=IFCSHAPEREPRESENTATION(#11,'Body','MappedRepresentation',(#3665));
#3667=IFCPRODUCTDEFINITIONSHAPE($,$,(#3666));
#3668=IFCRELVOIDSELEMENT('2BepRHW4n3VP37eaRzCaa4',$,$,$,#72,#3639);
#3674=IFCRELFILLSELEMENT('0_aHIt8CT59fr0wCqNsMgi',$,$,$,#3639,#3615);
#3713=IFCCARTESIANPOINTLIST2D(((0.,0.),(0.60000002384185791,0.),(0.60000002384185791,0.89999997615814209),(0.,0.89999997615814209)));
#3714=IFCINDEXEDPOLYCURVE(#3713,(IFCLINEINDEX((1,2,3,4,1))),$);
#3715=IFCCARTESIANPOINTLIST2D(((0.02500000037252903,0.02500000037252903),(0.57500002346932888,0.02500000037252903),(0.57500002346932888,0.87499997578561306),(0.02500000037252903,0.87499997578561306)));
#3716=IFCINDEXEDPOLYCURVE(#3715,(IFCLINEINDEX((1,2,3,4,1))),$);
#3717=IFCARBITRARYPROFILEDEFWITHVOIDS(.AREA.,$,#3714,(#3716));
#3718=IFCCARTESIANPOINT((0.,0.090000001713633537,0.));
#3719=IFCDIRECTION((0.,-1.,0.));
#3720=IFCDIRECTION((1.,0.,0.));
#3721=IFCAXIS2PLACEMENT3D(#3718,#3719,#3720);
#3722=IFCDIRECTION((0.,0.,-1.));
#3723=IFCEXTRUDEDAREASOLID(#3717,#3721,#3722,0.0099999997764825821);
#3724=IFCCARTESIANPOINTLIST2D(((0.,0.),(0.60000002384185791,0.),(0.60000002384185791,0.89999997615814209),(0.,0.89999997615814209)));
#3725=IFCINDEXEDPOLYCURVE(#3724,(IFCLINEINDEX((1,2,3,4,1))),$);
#3726=IFCCARTESIANPOINTLIST2D(((0.05000000074505806,0.05000000074505806),(0.55000002309679985,0.05000000074505806),(0.55000002309679985,0.84999997541308403),(0.05000000074505806,0.84999997541308403)));
#3727=IFCINDEXEDPOLYCURVE(#3726,(IFCLINEINDEX((1,2,3,4,1))),$);
#3728=IFCARBITRARYPROFILEDEFWITHVOIDS(.AREA.,$,#3725,(#3727));
#3729=IFCCARTESIANPOINT((0.,0.05000000074505806,0.));
#3730=IFCDIRECTION((0.,-1.,0.));
#3731=IFCDIRECTION((1.,0.,0.));
#3732=IFCAXIS2PLACEMENT3D(#3729,#3730,#3731);
#3733=IFCDIRECTION((0.,0.,-1.));
#3734=IFCEXTRUDEDAREASOLID(#3728,#3732,#3733,0.040000000968575478);
#3735=IFCCARTESIANPOINTLIST2D(((0.,0.),(0.55000002309679985,0.),(0.55000002309679985,0.84999997541308403),(0.,0.84999997541308403)));
#3736=IFCINDEXEDPOLYCURVE(#3735,(IFCLINEINDEX((1,2,3,4,1))),$);
#3737=IFCCARTESIANPOINTLIST2D(((0.035000000149011612,0.035000000149011612),(0.51500002294778824,0.035000000149011612),(0.51500002294778824,0.81499997526407242),(0.035000000149011612,0.81499997526407242)));
#3738=IFCINDEXEDPOLYCURVE(#3737,(IFCLINEINDEX((1,2,3,4,1))),$);
#3739=IFCARBITRARYPROFILEDEFWITHVOIDS(.AREA.,$,#3736,(#3738));
#3740=IFCCARTESIANPOINT((0.02500000037252903,0.090000001713633537,0.02500000037252903));
#3741=IFCDIRECTION((0.,-1.,0.));
#3742=IFCDIRECTION((1.,0.,0.));
#3743=IFCAXIS2PLACEMENT3D(#3740,#3741,#3742);
#3744=IFCDIRECTION((0.,0.,-1.));
#3745=IFCEXTRUDEDAREASOLID(#3739,#3743,#3744,0.035000000149011612);
#3746=IFCINDEXEDPOLYCURVE(#3747,(IFCLINEINDEX((1,2,3,4,1))),$);
#3747=IFCCARTESIANPOINTLIST2D(((0.035000000149011612,0.035000000149011612),(0.51500002294778824,0.035000000149011612),(0.51500002294778824,0.81499997526407242),(0.035000000149011612,0.81499997526407242)));
#3748=IFCARBITRARYCLOSEDPROFILEDEF(.AREA.,$,#3746);
#3749=IFCCARTESIANPOINT((0.02500000037252903,0.10250000178813934,0.02500000037252903));
#3750=IFCDIRECTION((0.,-1.,0.));
#3751=IFCDIRECTION((1.,0.,0.));
#3752=IFCAXIS2PLACEMENT3D(#3749,#3750,#3751);
#3753=IFCDIRECTION((0.,0.,-1.));
#3754=IFCEXTRUDEDAREASOLID(#3748,#3752,#3753,0.01);
#3756=IFCSHAPEREPRESENTATION(#11,'Body','SweptSolid',(#3873,#3723,#3734,#3862));
#3757=IFCSHAPEASPECT((#3756),'Lining',$,.T.,#3624);
#3758=IFCSHAPEREPRESENTATION(#11,'Body','SweptSolid',(#3745,#3884));
#3759=IFCSHAPEASPECT((#3758),'Framing',$,.T.,#3624);
#3760=IFCSHAPEREPRESENTATION(#11,'Body','SweptSolid',(#3893,#3754));
#3761=IFCSHAPEASPECT((#3760),'Glazing',$,.T.,#3624);
#3849=IFCCARTESIANPOINTLIST3D(((0.,0.,0.),(0.75292098522186279,0.,0.),(0.75292098522186279,0.,0.89999997615814209),(0.,0.,0.89999997615814209)));
#3850=IFCINDEXEDPOLYCURVE(#3849,(IFCLINEINDEX((1,2,3,4,1))),$);
#3851=IFCSHAPEREPRESENTATION(#18,'Profile','Curve3D',(#3850));
#3852=IFCCARTESIANPOINTLIST2D(((0.,0.),(0.75292098522186279,0.),(0.75292098522186279,0.89999997615814209),(0.,0.89999997615814209)));
#3853=IFCINDEXEDPOLYCURVE(#3852,(IFCLINEINDEX((1,2,3,4,1))),$);
#3854=IFCCARTESIANPOINTLIST2D(((0.02500000037252903,0.02500000037252903),(0.72792098484933376,0.02500000037252903),(0.72792098484933376,0.87499997578561306),(0.02500000037252903,0.87499997578561306)));
#3855=IFCINDEXEDPOLYCURVE(#3854,(IFCLINEINDEX((1,2,3,4,1))),$);
#3856=IFCARBITRARYPROFILEDEFWITHVOIDS(.AREA.,$,#3853,(#3855));
#3857=IFCCARTESIANPOINT((0.,0.090000001713633537,0.));
#3858=IFCDIRECTION((0.,-1.,0.));
#3859=IFCDIRECTION((1.,0.,0.));
#3860=IFCAXIS2PLACEMENT3D(#3857,#3858,#3859);
#3861=IFCDIRECTION((0.,0.,-1.));
#3862=IFCEXTRUDEDAREASOLID(#3856,#3860,#3861,0.0099999997764825821);
#3863=IFCCARTESIANPOINTLIST2D(((0.,0.),(0.75292098522186279,0.),(0.75292098522186279,0.89999997615814209),(0.,0.89999997615814209)));
#3864=IFCINDEXEDPOLYCURVE(#3863,(IFCLINEINDEX((1,2,3,4,1))),$);
#3865=IFCCARTESIANPOINTLIST2D(((0.05000000074505806,0.05000000074505806),(0.70292098447680473,0.05000000074505806),(0.70292098447680473,0.84999997541308403),(0.05000000074505806,0.84999997541308403)));
#3866=IFCINDEXEDPOLYCURVE(#3865,(IFCLINEINDEX((1,2,3,4,1))),$);
#3867=IFCARBITRARYPROFILEDEFWITHVOIDS(.AREA.,$,#3864,(#3866));
#3868=IFCCARTESIANPOINT((0.,0.05000000074505806,0.));
#3869=IFCDIRECTION((0.,-1.,0.));
#3870=IFCDIRECTION((1.,0.,0.));
#3871=IFCAXIS2PLACEMENT3D(#3868,#3869,#3870);
#3872=IFCDIRECTION((0.,0.,-1.));
#3873=IFCEXTRUDEDAREASOLID(#3867,#3871,#3872,0.040000000968575478);
#3874=IFCCARTESIANPOINTLIST2D(((0.,0.),(0.70292098447680473,0.),(0.70292098447680473,0.84999997541308403),(0.,0.84999997541308403)));
#3875=IFCINDEXEDPOLYCURVE(#3874,(IFCLINEINDEX((1,2,3,4,1))),$);
#3876=IFCCARTESIANPOINTLIST2D(((0.035000000149011612,0.035000000149011612),(0.66792098432779312,0.035000000149011612),(0.66792098432779312,0.81499997526407242),(0.035000000149011612,0.81499997526407242)));
#3877=IFCINDEXEDPOLYCURVE(#3876,(IFCLINEINDEX((1,2,3,4,1))),$);
#3878=IFCARBITRARYPROFILEDEFWITHVOIDS(.AREA.,$,#3875,(#3877));
#3879=IFCCARTESIANPOINT((0.02500000037252903,0.090000001713633537,0.02500000037252903));
#3880=IFCDIRECTION((0.,-1.,0.));
#3881=IFCDIRECTION((1.,0.,0.));
#3882=IFCAXIS2PLACEMENT3D(#3879,#3880,#3881);
#3883=IFCDIRECTION((0.,0.,-1.));
#3884=IFCEXTRUDEDAREASOLID(#3878,#3882,#3883,0.035000000149011612);
#3885=IFCINDEXEDPOLYCURVE(#3886,(IFCLINEINDEX((1,2,3,4,1))),$);
#3886=IFCCARTESIANPOINTLIST2D(((0.035000000149011612,0.035000000149011612),(0.66792098432779312,0.035000000149011612),(0.66792098432779312,0.81499997526407242),(0.035000000149011612,0.81499997526407242)));
#3887=IFCARBITRARYCLOSEDPROFILEDEF(.AREA.,$,#3885);
#3888=IFCCARTESIANPOINT((0.02500000037252903,0.10250000178813934,0.02500000037252903));
#3889=IFCDIRECTION((0.,-1.,0.));
#3890=IFCDIRECTION((1.,0.,0.));
#3891=IFCAXIS2PLACEMENT3D(#3888,#3889,#3890);
#3892=IFCDIRECTION((0.,0.,-1.));
#3893=IFCEXTRUDEDAREASOLID(#3887,#3891,#3892,0.01);
#3894=IFCSHAPEREPRESENTATION(#11,'Body','SweptSolid',(#3862,#3873,#3884,#3893));
#3895=IFCCARTESIANPOINTLIST2D(((0.05000000074505806,0.05000000074505806),(0.70292098447680473,0.05000000074505806)));
#3896=IFCINDEXEDPOLYCURVE(#3895,$,$);
#3897=IFCCARTESIANPOINTLIST2D(((0.,0.10000000149011612),(0.02500000037252903,0.10000000149011612),(0.02500000037252903,0.090000001713633537),(0.05000000074505806,0.090000001713633537),(0.05000000074505806,0.05000000074505806),(0.,0.05000000074505806)));
#3898=IFCINDEXEDPOLYCURVE(#3897,(IFCLINEINDEX((1,2,3,4,5,6,1))),$);
#3899=IFCCARTESIANPOINTLIST2D(((0.75292098522186279,0.10000000149011612),(0.72792098484933376,0.10000000149011612),(0.72792098484933376,0.090000001713633537),(0.70292098447680473,0.090000001713633537),(0.70292098447680473,0.05000000074505806),(0.75292098522186279,0.05000000074505806)));
#3900=IFCINDEXEDPOLYCURVE(#3899,(IFCLINEINDEX((1,2,3,4,5,6,1))),$);
#3901=IFCCARTESIANPOINTLIST2D(((0.02500000037252903,0.090000001713633537),(0.060000000521540642,0.090000001713633537),(0.060000000521540642,0.12500000186264515),(0.02500000037252903,0.12500000186264515)));
#3902=IFCINDEXEDPOLYCURVE(#3901,(IFCLINEINDEX((1,2,3,4,1))),$);
#3903=IFCINDEXEDPOLYCURVE(#3904,(IFCLINEINDEX((1,2,3,4,1))),$);
#3904=IFCCARTESIANPOINTLIST2D(((0.72792098484933376,0.090000001713633537),(0.69292098470032215,0.090000001713633537),(0.69292098470032215,0.12500000186264515),(0.72792098484933376,0.12500000186264515)));
#3905=IFCCARTESIANPOINTLIST2D(((0.060000000521540642,0.090000001713633537),(0.69292098470032215,0.090000001713633537)));
#3906=IFCINDEXEDPOLYCURVE(#3905,$,$);
#3907=IFCINDEXEDPOLYCURVE(#3908,$,$);
#3908=IFCCARTESIANPOINTLIST2D(((0.060000000521540642,0.12500000186264515),(0.69292098470032215,0.12500000186264515)));
#3909=IFCINDEXEDPOLYCURVE(#3910,$,$);
#3910=IFCCARTESIANPOINTLIST2D(((0.060000000521540642,0.10750000178813934),(0.69292098470032215,0.10750000178813934)));
#3911=IFCSHAPEREPRESENTATION(#24,'Body','Curve2D',(#3896,#3898,#3900,#3902,#3903,#3906,#3907,#3909));
#3912=IFCCARTESIANPOINTLIST2D(((0.,0.),(0.75292098522186279,0.),(0.75292098522186279,0.89999997615814209),(0.,0.89999997615814209)));
#3913=IFCINDEXEDPOLYCURVE(#3912,(IFCLINEINDEX((1,2,3,4,1))),$);
#3914=IFCARBITRARYCLOSEDPROFILEDEF(.AREA.,$,#3913);
#3915=IFCCARTESIANPOINT((0.,-0.60000002384185791,0.));
#3916=IFCDIRECTION((0.,-1.,0.));
#3917=IFCDIRECTION((1.,0.,0.));
#3918=IFCAXIS2PLACEMENT3D(#3915,#3916,#3917);
#3919=IFCDIRECTION((0.,0.,-1.));
#3920=IFCEXTRUDEDAREASOLID(#3914,#3918,#3919,1.2);
#3921=IFCSHAPEREPRESENTATION(#11,'Body','SweptSolid',(#3920));
#3927=IFCCARTESIANPOINT((1.7693733905955746,1.6689300537109375E-06,1.));
#3928=IFCDIRECTION((0.,0.,1.));
#3929=IFCDIRECTION((0.9999999999997442,-7.1525573730450454E-07,0.));
#3930=IFCAXIS2PLACEMENT3D(#3927,#3928,#3929);
#3931=IFCLOCALPLACEMENT(#1346,#3930);
#3932=IFCCARTESIANPOINT((4.4408920985006262E-16,0.,0.));
#3933=IFCDIRECTION((0.,0.,1.));
#3934=IFCDIRECTION((1.,0.,0.));
#3935=IFCAXIS2PLACEMENT3D(#3932,#3933,#3934);
#3936=IFCLOCALPLACEMENT(#3931,#3935);
#3937=IFCWINDOWTYPE('1l5dK2eH14XBfiZgK4fKcS',$,'Guest - 1 - GF',$,$,(#3938),(#3940,#3948,#3996),$,$,.WINDOW.,.SINGLE_PANEL.,$,$);
#3938=IFCPROPERTYSET('1ofqQzFQP6PvEqsEtPM6qi',$,'BBIM_Window',$,(#3939));
#3939=IFCPROPERTYSINGLEVALUE('Data',$,IFCTEXT('{"window_type": "DOUBLE_PANEL_VERTICAL", "overall_height": 0.8999999761581421, "overall_width": 1.1940020322799683, "lining_properties": {"lining_depth": 0.05000000074505806, "lining_thickness": 0.05000000074505806, "lining_offset": 0.05000000074505806, "lining_to_panel_offset_x": 0.02500000037252903, "lining_to_panel_offset_y": 0.02500000037252903, "mullion_thickness": 0.05000000074505806, "first_mullion_offset": 0.594054102897644}, "panel_properties": {"frame_depth": [0.03500000014901161, 0.03500000014901161, 0.03500000014901161], "frame_thickness": [0.03500000014901161, 0.03500000014901161, 0.03500000014901161]}}'),$);
#3940=IFCREPRESENTATIONMAP(#3941,#4186);
#3941=IFCAXIS2PLACEMENT3D(#3942,#3943,#3944);
#3942=IFCCARTESIANPOINT((0.,0.,0.));
#3943=IFCDIRECTION((0.,0.,1.));
#3944=IFCDIRECTION((1.,0.,0.));
#3948=IFCREPRESENTATIONMAP(#3949,#4267);
#3949=IFCAXIS2PLACEMENT3D(#3950,#3951,#3952);
#3950=IFCCARTESIANPOINT((0.,0.,0.));
#3951=IFCDIRECTION((0.,0.,1.));
#3952=IFCDIRECTION((1.,0.,0.));
#3996=IFCREPRESENTATIONMAP(#3997,#4306);
#3997=IFCAXIS2PLACEMENT3D(#3998,#3999,#4000);
#3998=IFCCARTESIANPOINT((0.,0.,0.));
#3999=IFCDIRECTION((0.,0.,1.));
#4000=IFCDIRECTION((1.,0.,0.));
#4018=IFCCARTESIANPOINT((0.7216987370053416,0.084999884131953696,0.));
#4019=IFCDIRECTION((0.,0.,1.));
#4020=IFCDIRECTION((-0.99999999999999933,3.1786498766447924E-08,0.));
#4021=IFCAXIS2PLACEMENT3D(#4018,#4019,#4020);
#4022=IFCLOCALPLACEMENT(#2940,#4021);
#4023=IFCWINDOWTYPE('2iJNukK3b1ugewVP$gml3W',$,'Guest - 2 - GF',$,$,(#4024),(#4026,#4034,#4082),$,$,.WINDOW.,.SINGLE_PANEL.,$,$);
#4024=IFCPROPERTYSET('2GX8pdSkTBoOgpLJKkuUQ5',$,'BBIM_Window',$,(#4025));
#4025=IFCPROPERTYSINGLEVALUE('Data',$,IFCTEXT('{"window_type": "SINGLE_PANEL", "overall_height": 0.8999999761581421, "overall_width": 0.7895389795303345, "lining_properties": {"lining_depth": 0.05000000074505806, "lining_thickness": 0.05000000074505806, "lining_offset": 0.05000000074505806, "lining_to_panel_offset_x": 0.02500000037252903, "lining_to_panel_offset_y": 0.02500000037252903}, "panel_properties": {"frame_depth": [0.03500000014901161, 0.03500000014901161, 0.03500000014901161], "frame_thickness": [0.03500000014901161, 0.03500000014901161, 0.03500000014901161]}}'),$);
#4026=IFCREPRESENTATIONMAP(#4027,#4528);
#4027=IFCAXIS2PLACEMENT3D(#4028,#4029,#4030);
#4028=IFCCARTESIANPOINT((0.,0.,0.));
#4029=IFCDIRECTION((0.,0.,1.));
#4030=IFCDIRECTION((1.,0.,0.));
#4034=IFCREPRESENTATIONMAP(#4035,#4571);
#4035=IFCAXIS2PLACEMENT3D(#4036,#4037,#4038);
#4036=IFCCARTESIANPOINT((0.,0.,0.));
#4037=IFCDIRECTION((0.,0.,1.));
#4038=IFCDIRECTION((1.,0.,0.));
#4082=IFCREPRESENTATIONMAP(#4083,#4594);
#4083=IFCAXIS2PLACEMENT3D(#4084,#4085,#4086);
#4084=IFCCARTESIANPOINT((0.,0.,0.));
#4085=IFCDIRECTION((0.,0.,1.));
#4086=IFCDIRECTION((1.,0.,0.));
#4104=IFCWINDOW('2uTd4$WxrEbRg_wf__fTQ1',$,'Window',$,$,#4331,#4113,$,0.89999997615814209,1.1940020322799683,$,.DOUBLE_PANEL_VERTICAL.,$);
#4105=IFCRELDEFINESBYTYPE('1GibKzU9XFoxYveipc3k4W',$,$,$,(#4104),#3937);
#4106=IFCCARTESIANPOINT((0.,0.,0.));
#4107=IFCDIRECTION((1.,0.,0.));
#4108=IFCDIRECTION((0.,1.,0.));
#4109=IFCDIRECTION((0.,0.,1.));
#4110=IFCCARTESIANTRANSFORMATIONOPERATOR3D(#4107,#4108,#4106,1.,#4109);
#4111=IFCMAPPEDITEM(#3940,#4110);
#4112=IFCSHAPEREPRESENTATION(#18,'Profile','MappedRepresentation',(#4111));
#4113=IFCPRODUCTDEFINITIONSHAPE($,$,(#4112,#4120,#4127));
#4114=IFCCARTESIANPOINT((0.,0.,0.));
#4115=IFCDIRECTION((1.,0.,0.));
#4116=IFCDIRECTION((0.,1.,0.));
#4117=IFCDIRECTION((0.,0.,1.));
#4118=IFCCARTESIANTRANSFORMATIONOPERATOR3D(#4115,#4116,#4114,1.,#4117);
#4119=IFCMAPPEDITEM(#3948,#4118);
#4120=IFCSHAPEREPRESENTATION(#11,'Body','MappedRepresentation',(#4119));
#4121=IFCCARTESIANPOINT((0.,0.,0.));
#4122=IFCDIRECTION((1.,0.,0.));
#4123=IFCDIRECTION((0.,1.,0.));
#4124=IFCDIRECTION((0.,0.,1.));
#4125=IFCCARTESIANTRANSFORMATIONOPERATOR3D(#4122,#4123,#4121,1.,#4124);
#4126=IFCMAPPEDITEM(#3996,#4125);
#4127=IFCSHAPEREPRESENTATION(#24,'Body','MappedRepresentation',(#4126));
#4128=IFCOPENINGELEMENT('3IHtY7X0T6Qx87qL$wCVIO',$,'Opening',$,$,#4326,#4156,$,.OPENING.);
#4144=IFCCARTESIANPOINT((0.,0.,0.));
#4145=IFCDIRECTION((1.,0.,0.));
#4146=IFCDIRECTION((0.,0.,1.));
#4147=IFCAXIS2PLACEMENT3D(#4144,#4146,#4145);
#4148=IFCREPRESENTATIONMAP(#4147,#4316);
#4149=IFCCARTESIANPOINT((0.,0.,0.));
#4150=IFCDIRECTION((1.,0.,0.));
#4151=IFCDIRECTION((0.,1.,0.));
#4152=IFCDIRECTION((0.,0.,1.));
#4153=IFCCARTESIANTRANSFORMATIONOPERATOR3D(#4150,#4151,#4149,1.,#4152);
#4154=IFCMAPPEDITEM(#4148,#4153);
#4155=IFCSHAPEREPRESENTATION(#11,'Body','MappedRepresentation',(#4154));
#4156=IFCPRODUCTDEFINITIONSHAPE($,$,(#4155));
#4157=IFCRELVOIDSELEMENT('04LhG0vUbClQjw5AnUc7oO',$,$,$,#237,#4128);
#4163=IFCRELFILLSELEMENT('1FbpYEraz1ZA6Oix3tiyMX',$,$,$,#4128,#4104);
#4184=IFCCARTESIANPOINTLIST3D(((0.,0.,0.),(1.1940020322799683,0.,0.),(1.1940020322799683,0.,0.89999997615814209),(0.,0.,0.89999997615814209)));
#4185=IFCINDEXEDPOLYCURVE(#4184,(IFCLINEINDEX((1,2,3,4,1))),$);
#4186=IFCSHAPEREPRESENTATION(#18,'Profile','Curve3D',(#4185));
#4187=IFCCARTESIANPOINTLIST2D(((0.59405410289764404,0.),(0.,0.),(0.,0.89999997615814209),(0.59405410289764404,0.89999997615814209),(0.59405410289764404,0.87499997578561306),(0.02500000037252903,0.87499997578561306),(0.02500000037252903,0.02500000037252903),(0.59405410289764404,0.02500000037252903)));
#4188=IFCINDEXEDPOLYCURVE(#4187,(IFCLINEINDEX((1,2,3,4,5,6,7,8,1))),$);
#4189=IFCARBITRARYCLOSEDPROFILEDEF(.AREA.,$,#4188);
#4190=IFCCARTESIANPOINT((0.,0.090000001713633537,0.));
#4191=IFCDIRECTION((0.,-1.,0.));
#4192=IFCDIRECTION((1.,0.,0.));
#4193=IFCAXIS2PLACEMENT3D(#4190,#4191,#4192);
#4194=IFCDIRECTION((0.,0.,-1.));
#4195=IFCEXTRUDEDAREASOLID(#4189,#4193,#4194,0.0099999997764825821);
#4196=IFCCARTESIANPOINTLIST2D(((0.,0.),(0.59405410289764404,0.),(0.59405410289764404,0.89999997615814209),(0.,0.89999997615814209)));
#4197=IFCINDEXEDPOLYCURVE(#4196,(IFCLINEINDEX((1,2,3,4,1))),$);
#4198=IFCCARTESIANPOINTLIST2D(((0.05000000074505806,0.05000000074505806),(0.56905410252511501,0.05000000074505806),(0.56905410252511501,0.84999997541308403),(0.05000000074505806,0.84999997541308403)));
#4199=IFCINDEXEDPOLYCURVE(#4198,(IFCLINEINDEX((1,2,3,4,1))),$);
#4200=IFCARBITRARYPROFILEDEFWITHVOIDS(.AREA.,$,#4197,(#4199));
#4201=IFCCARTESIANPOINT((0.,0.05000000074505806,0.));
#4202=IFCDIRECTION((0.,-1.,0.));
#4203=IFCDIRECTION((1.,0.,0.));
#4204=IFCAXIS2PLACEMENT3D(#4201,#4202,#4203);
#4205=IFCDIRECTION((0.,0.,-1.));
#4206=IFCEXTRUDEDAREASOLID(#4200,#4204,#4205,0.040000000968575478);
#4207=IFCCARTESIANPOINTLIST2D(((0.,0.),(0.56905410252511501,0.),(0.56905410252511501,0.84999997541308403),(0.,0.84999997541308403)));
#4208=IFCINDEXEDPOLYCURVE(#4207,(IFCLINEINDEX((1,2,3,4,1))),$);
#4209=IFCCARTESIANPOINTLIST2D(((0.035000000149011612,0.035000000149011612),(0.5340541023761034,0.035000000149011612),(0.5340541023761034,0.81499997526407242),(0.035000000149011612,0.81499997526407242)));
#4210=IFCINDEXEDPOLYCURVE(#4209,(IFCLINEINDEX((1,2,3,4,1))),$);
#4211=IFCARBITRARYPROFILEDEFWITHVOIDS(.AREA.,$,#4208,(#4210));
#4212=IFCCARTESIANPOINT((0.02500000037252903,0.090000001713633537,0.02500000037252903));
#4213=IFCDIRECTION((0.,-1.,0.));
#4214=IFCDIRECTION((1.,0.,0.));
#4215=IFCAXIS2PLACEMENT3D(#4212,#4213,#4214);
#4216=IFCDIRECTION((0.,0.,-1.));
#4217=IFCEXTRUDEDAREASOLID(#4211,#4215,#4216,0.035000000149011612);
#4218=IFCINDEXEDPOLYCURVE(#4219,(IFCLINEINDEX((1,2,3,4,1))),$);
#4219=IFCCARTESIANPOINTLIST2D(((0.035000000149011612,0.035000000149011612),(0.5340541023761034,0.035000000149011612),(0.5340541023761034,0.81499997526407242),(0.035000000149011612,0.81499997526407242)));
#4220=IFCARBITRARYCLOSEDPROFILEDEF(.AREA.,$,#4218);
#4221=IFCCARTESIANPOINT((0.02500000037252903,0.10250000178813934,0.02500000037252903));
#4222=IFCDIRECTION((0.,-1.,0.));
#4223=IFCDIRECTION((1.,0.,0.));
#4224=IFCAXIS2PLACEMENT3D(#4221,#4222,#4223);
#4225=IFCDIRECTION((0.,0.,-1.));
#4226=IFCEXTRUDEDAREASOLID(#4220,#4224,#4225,0.01);
#4227=IFCCARTESIANPOINTLIST2D(((0.,0.89999997615814209),(0.59994792938232422,0.89999997615814209),(0.59994792938232422,0.),(0.,0.),(0.,0.02500000037252903),(0.57494792900979519,0.02500000037252903),(0.57494792900979519,0.87499997578561306),(0.,0.87499997578561306)));
#4228=IFCINDEXEDPOLYCURVE(#4227,(IFCLINEINDEX((1,2,3,4,5,6,7,8,1))),$);
#4229=IFCARBITRARYCLOSEDPROFILEDEF(.AREA.,$,#4228);
#4230=IFCCARTESIANPOINT((0.59405410289764404,0.090000001713633537,0.));
#4231=IFCDIRECTION((0.,-1.,0.));
#4232=IFCDIRECTION((1.,0.,0.));
#4233=IFCAXIS2PLACEMENT3D(#4230,#4231,#4232);
#4234=IFCDIRECTION((0.,0.,-1.));
#4235=IFCEXTRUDEDAREASOLID(#4229,#4233,#4234,0.0099999997764825821);
#4236=IFCCARTESIANPOINTLIST2D(((0.,0.),(0.59994792938232422,0.),(0.59994792938232422,0.89999997615814209),(0.,0.89999997615814209)));
#4237=IFCINDEXEDPOLYCURVE(#4236,(IFCLINEINDEX((1,2,3,4,1))),$);
#4238=IFCCARTESIANPOINTLIST2D(((0.02500000037252903,0.05000000074505806),(0.54994792863726616,0.05000000074505806),(0.54994792863726616,0.84999997541308403),(0.02500000037252903,0.84999997541308403)));
#4239=IFCINDEXEDPOLYCURVE(#4238,(IFCLINEINDEX((1,2,3,4,1))),$);
#4240=IFCARBITRARYPROFILEDEFWITHVOIDS(.AREA.,$,#4237,(#4239));
#4241=IFCCARTESIANPOINT((0.59405410289764404,0.05000000074505806,0.));
#4242=IFCDIRECTION((0.,-1.,0.));
#4243=IFCDIRECTION((1.,0.,0.));
#4244=IFCAXIS2PLACEMENT3D(#4241,#4242,#4243);
#4245=IFCDIRECTION((0.,0.,-1.));
#4246=IFCEXTRUDEDAREASOLID(#4240,#4244,#4245,0.040000000968575478);
#4247=IFCCARTESIANPOINTLIST2D(((0.,0.),(0.57494792900979519,0.),(0.57494792900979519,0.84999997541308403),(0.,0.84999997541308403)));
#4248=IFCINDEXEDPOLYCURVE(#4247,(IFCLINEINDEX((1,2,3,4,1))),$);
#4249=IFCCARTESIANPOINTLIST2D(((0.035000000149011612,0.035000000149011612),(0.53994792886078358,0.035000000149011612),(0.53994792886078358,0.81499997526407242),(0.035000000149011612,0.81499997526407242)));
#4250=IFCINDEXEDPOLYCURVE(#4249,(IFCLINEINDEX((1,2,3,4,1))),$);
#4251=IFCARBITRARYPROFILEDEFWITHVOIDS(.AREA.,$,#4248,(#4250));
#4252=IFCCARTESIANPOINT((0.59405410289764404,0.090000001713633537,0.02500000037252903));
#4253=IFCDIRECTION((0.,-1.,0.));
#4254=IFCDIRECTION((1.,0.,0.));
#4255=IFCAXIS2PLACEMENT3D(#4252,#4253,#4254);
#4256=IFCDIRECTION((0.,0.,-1.));
#4257=IFCEXTRUDEDAREASOLID(#4251,#4255,#4256,0.035000000149011612);
#4258=IFCINDEXEDPOLYCURVE(#4259,(IFCLINEINDEX((1,2,3,4,1))),$);
#4259=IFCCARTESIANPOINTLIST2D(((0.035000000149011612,0.035000000149011612),(0.53994792886078358,0.035000000149011612),(0.53994792886078358,0.81499997526407242),(0.035000000149011612,0.81499997526407242)));
#4260=IFCARBITRARYCLOSEDPROFILEDEF(.AREA.,$,#4258);
#4261=IFCCARTESIANPOINT((0.59405410289764404,0.10250000178813934,0.02500000037252903));
#4262=IFCDIRECTION((0.,-1.,0.));
#4263=IFCDIRECTION((1.,0.,0.));
#4264=IFCAXIS2PLACEMENT3D(#4261,#4262,#4263);
#4265=IFCDIRECTION((0.,0.,-1.));
#4266=IFCEXTRUDEDAREASOLID(#4260,#4264,#4265,0.01);
#4267=IFCSHAPEREPRESENTATION(#11,'Body','SweptSolid',(#4195,#4206,#4217,#4226,#4235,#4246,#4257,#4266));
#4268=IFCSHAPEREPRESENTATION(#11,'Body','SweptSolid',(#4195,#4206,#4235,#4246));
#4269=IFCSHAPEASPECT((#4268),'Lining',$,.T.,#4113);
#4270=IFCSHAPEREPRESENTATION(#11,'Body','SweptSolid',(#4217,#4257));
#4271=IFCSHAPEASPECT((#4270),'Framing',$,.T.,#4113);
#4272=IFCSHAPEREPRESENTATION(#11,'Body','SweptSolid',(#4226,#4266));
#4273=IFCSHAPEASPECT((#4272),'Glazing',$,.T.,#4113);
#4274=IFCCARTESIANPOINTLIST2D(((0.05000000074505806,0.05000000074505806),(0.56905410252511501,0.05000000074505806)));
#4275=IFCINDEXEDPOLYCURVE(#4274,$,$);
#4276=IFCCARTESIANPOINTLIST2D(((0.,0.10000000149011612),(0.02500000037252903,0.10000000149011612),(0.02500000037252903,0.090000001713633537),(0.05000000074505806,0.090000001713633537),(0.05000000074505806,0.05000000074505806),(0.,0.05000000074505806)));
#4277=IFCINDEXEDPOLYCURVE(#4276,(IFCLINEINDEX((1,2,3,4,5,6,1))),$);
#4278=IFCCARTESIANPOINTLIST2D(((0.59405410289764404,0.10000000149011612),(0.59405410289764404,0.10000000149011612),(0.59405410289764404,0.090000001713633537),(0.56905410252511501,0.090000001713633537),(0.56905410252511501,0.05000000074505806),(0.59405410289764404,0.05000000074505806)));
#4279=IFCINDEXEDPOLYCURVE(#4278,$,$);
#4280=IFCCARTESIANPOINTLIST2D(((0.02500000037252903,0.090000001713633537),(0.060000000521540642,0.090000001713633537),(0.060000000521540642,0.12500000186264515),(0.02500000037252903,0.12500000186264515)));
#4281=IFCINDEXEDPOLYCURVE(#4280,(IFCLINEINDEX((1,2,3,4,1))),$);
#4282=IFCINDEXEDPOLYCURVE(#4283,(IFCLINEINDEX((1,2,3,4,1))),$);
#4283=IFCCARTESIANPOINTLIST2D(((0.59405410289764404,0.090000001713633537),(0.55905410274863243,0.090000001713633537),(0.55905410274863243,0.12500000186264515),(0.59405410289764404,0.12500000186264515)));
#4284=IFCCARTESIANPOINTLIST2D(((0.060000000521540642,0.090000001713633537),(0.55905410274863243,0.090000001713633537)));
#4285=IFCINDEXEDPOLYCURVE(#4284,$,$);
#4286=IFCINDEXEDPOLYCURVE(#4287,$,$);
#4287=IFCCARTESIANPOINTLIST2D(((0.060000000521540642,0.12500000186264515),(0.55905410274863243,0.12500000186264515)));
#4288=IFCINDEXEDPOLYCURVE(#4289,$,$);
#4289=IFCCARTESIANPOINTLIST2D(((0.060000000521540642,0.10750000178813934),(0.55905410274863243,0.10750000178813934)));
#4290=IFCCARTESIANPOINTLIST2D(((0.61905410327017307,0.05000000074505806),(1.1440020315349102,0.05000000074505806)));
#4291=IFCINDEXEDPOLYCURVE(#4290,$,$);
#4292=IFCCARTESIANPOINTLIST2D(((0.59405410289764404,0.10000000149011612),(0.59405410289764404,0.10000000149011612),(0.59405410289764404,0.090000001713633537),(0.61905410327017307,0.090000001713633537),(0.61905410327017307,0.05000000074505806),(0.59405410289764404,0.05000000074505806)));
#4293=IFCINDEXEDPOLYCURVE(#4292,$,$);
#4294=IFCCARTESIANPOINTLIST2D(((1.1940020322799683,0.10000000149011612),(1.1690020319074392,0.10000000149011612),(1.1690020319074392,0.090000001713633537),(1.1440020315349102,0.090000001713633537),(1.1440020315349102,0.05000000074505806),(1.1940020322799683,0.05000000074505806)));
#4295=IFCINDEXEDPOLYCURVE(#4294,(IFCLINEINDEX((1,2,3,4,5,6,1))),$);
#4296=IFCCARTESIANPOINTLIST2D(((0.59405410289764404,0.090000001713633537),(0.62905410304665565,0.090000001713633537),(0.62905410304665565,0.12500000186264515),(0.59405410289764404,0.12500000186264515)));
#4297=IFCINDEXEDPOLYCURVE(#4296,(IFCLINEINDEX((1,2,3,4,1))),$);
#4298=IFCINDEXEDPOLYCURVE(#4299,(IFCLINEINDEX((1,2,3,4,1))),$);
#4299=IFCCARTESIANPOINTLIST2D(((1.1690020319074392,0.090000001713633537),(1.1340020317584276,0.090000001713633537),(1.1340020317584276,0.12500000186264515),(1.1690020319074392,0.12500000186264515)));
#4300=IFCCARTESIANPOINTLIST2D(((0.62905410304665565,0.090000001713633537),(1.1340020317584276,0.090000001713633537)));
#4301=IFCINDEXEDPOLYCURVE(#4300,$,$);
#4302=IFCINDEXEDPOLYCURVE(#4303,$,$);
#4303=IFCCARTESIANPOINTLIST2D(((0.62905410304665565,0.12500000186264515),(1.1340020317584276,0.12500000186264515)));
#4304=IFCINDEXEDPOLYCURVE(#4305,$,$);
#4305=IFCCARTESIANPOINTLIST2D(((0.62905410304665565,0.10750000178813934),(1.1340020317584276,0.10750000178813934)));
#4306=IFCSHAPEREPRESENTATION(#24,'Body','Curve2D',(#4275,#4277,#4279,#4281,#4282,#4285,#4286,#4288,#4291,#4293,#4295,#4297,#4298,#4301,#4302,#4304));
#4307=IFCCARTESIANPOINTLIST2D(((0.,0.),(1.1940020322799683,0.),(1.1940020322799683,0.89999997615814209),(0.,0.89999997615814209)));
#4308=IFCINDEXEDPOLYCURVE(#4307,(IFCLINEINDEX((1,2,3,4,1))),$);
#4309=IFCARBITRARYCLOSEDPROFILEDEF(.AREA.,$,#4308);
#4310=IFCCARTESIANPOINT((0.,-0.60000002384185791,0.));
#4311=IFCDIRECTION((0.,-1.,0.));
#4312=IFCDIRECTION((1.,0.,0.));
#4313=IFCAXIS2PLACEMENT3D(#4310,#4311,#4312);
#4314=IFCDIRECTION((0.,0.,-1.));
#4315=IFCEXTRUDEDAREASOLID(#4309,#4313,#4314,1.2);
#4316=IFCSHAPEREPRESENTATION(#11,'Body','SweptSolid',(#4315));
#4322=IFCCARTESIANPOINT((1.0526420765785902,2.8312206268310547E-07,1.));
#4323=IFCDIRECTION((0.,0.,1.));
#4324=IFCDIRECTION((0.99999999999997158,-2.3841857910155572E-07,0.));
#4325=IFCAXIS2PLACEMENT3D(#4322,#4323,#4324);
#4326=IFCLOCALPLACEMENT(#519,#4325);
#4327=IFCCARTESIANPOINT((-4.4408920985006262E-16,0.,0.));
#4328=IFCDIRECTION((0.,0.,1.));
#4329=IFCDIRECTION((1.,0.,0.));
#4330=IFCAXIS2PLACEMENT3D(#4327,#4328,#4329);
#4331=IFCLOCALPLACEMENT(#4326,#4330);
#4416=IFCWINDOW('1BwyRc0ij8Kwwm9u8yN1ls',$,'Window',$,$,#4619,#4425,$,0.89999997615814209,0.78953897953033447,$,.SINGLE_PANEL.,$);
#4417=IFCRELDEFINESBYTYPE('3Tqr8xuIL0gA_oIa2iSExf',$,$,$,(#4416),#4023);
#4418=IFCCARTESIANPOINT((0.,0.,0.));
#4419=IFCDIRECTION((1.,0.,0.));
#4420=IFCDIRECTION((0.,1.,0.));
#4421=IFCDIRECTION((0.,0.,1.));
#4422=IFCCARTESIANTRANSFORMATIONOPERATOR3D(#4419,#4420,#4418,1.,#4421);
#4423=IFCMAPPEDITEM(#4026,#4422);
#4424=IFCSHAPEREPRESENTATION(#18,'Profile','MappedRepresentation',(#4423));
#4425=IFCPRODUCTDEFINITIONSHAPE($,$,(#4424,#4432,#4439));
#4426=IFCCARTESIANPOINT((0.,0.,0.));
#4427=IFCDIRECTION((1.,0.,0.));
#4428=IFCDIRECTION((0.,1.,0.));
#4429=IFCDIRECTION((0.,0.,1.));
#4430=IFCCARTESIANTRANSFORMATIONOPERATOR3D(#4427,#4428,#4426,1.,#4429);
#4431=IFCMAPPEDITEM(#4034,#4430);
#4432=IFCSHAPEREPRESENTATION(#11,'Body','MappedRepresentation',(#4431));
#4433=IFCCARTESIANPOINT((0.,0.,0.));
#4434=IFCDIRECTION((1.,0.,0.));
#4435=IFCDIRECTION((0.,1.,0.));
#4436=IFCDIRECTION((0.,0.,1.));
#4437=IFCCARTESIANTRANSFORMATIONOPERATOR3D(#4434,#4435,#4433,1.,#4436);
#4438=IFCMAPPEDITEM(#4082,#4437);
#4439=IFCSHAPEREPRESENTATION(#24,'Body','MappedRepresentation',(#4438));
#4440=IFCOPENINGELEMENT('3oZEWNpmD9Ou2wblMN1M0o',$,'Opening',$,$,#4614,#4468,$,.OPENING.);
#4456=IFCCARTESIANPOINT((0.,0.,0.));
#4457=IFCDIRECTION((1.,0.,0.));
#4458=IFCDIRECTION((0.,0.,1.));
#4459=IFCAXIS2PLACEMENT3D(#4456,#4458,#4457);
#4460=IFCREPRESENTATIONMAP(#4459,#4604);
#4461=IFCCARTESIANPOINT((0.,0.,0.));
#4462=IFCDIRECTION((1.,0.,0.));
#4463=IFCDIRECTION((0.,1.,0.));
#4464=IFCDIRECTION((0.,0.,1.));
#4465=IFCCARTESIANTRANSFORMATIONOPERATOR3D(#4462,#4463,#4461,1.,#4464);
#4466=IFCMAPPEDITEM(#4460,#4465);
#4467=IFCSHAPEREPRESENTATION(#11,'Body','MappedRepresentation',(#4466));
#4468=IFCPRODUCTDEFINITIONSHAPE($,$,(#4467));
#4469=IFCRELVOIDSELEMENT('1H6Yg4VTb0fgu$oakMdAV4',$,$,$,#212,#4440);
#4475=IFCRELFILLSELEMENT('1xqF5PJ79ENeicvp5OPZ4d',$,$,$,#4440,#4416);
#4526=IFCCARTESIANPOINTLIST3D(((0.,0.,0.),(0.78953897953033447,0.,0.),(0.78953897953033447,0.,0.89999997615814209),(0.,0.,0.89999997615814209)));
#4527=IFCINDEXEDPOLYCURVE(#4526,(IFCLINEINDEX((1,2,3,4,1))),$);
#4528=IFCSHAPEREPRESENTATION(#18,'Profile','Curve3D',(#4527));
#4529=IFCCARTESIANPOINTLIST2D(((0.,0.),(0.78953897953033447,0.),(0.78953897953033447,0.89999997615814209),(0.,0.89999997615814209)));
#4530=IFCINDEXEDPOLYCURVE(#4529,(IFCLINEINDEX((1,2,3,4,1))),$);
#4531=IFCCARTESIANPOINTLIST2D(((0.02500000037252903,0.02500000037252903),(0.76453897915780544,0.02500000037252903),(0.76453897915780544,0.87499997578561306),(0.02500000037252903,0.87499997578561306)));
#4532=IFCINDEXEDPOLYCURVE(#4531,(IFCLINEINDEX((1,2,3,4,1))),$);
#4533=IFCARBITRARYPROFILEDEFWITHVOIDS(.AREA.,$,#4530,(#4532));
#4534=IFCCARTESIANPOINT((0.,0.090000001713633537,0.));
#4535=IFCDIRECTION((0.,-1.,0.));
#4536=IFCDIRECTION((1.,0.,0.));
#4537=IFCAXIS2PLACEMENT3D(#4534,#4535,#4536);
#4538=IFCDIRECTION((0.,0.,-1.));
#4539=IFCEXTRUDEDAREASOLID(#4533,#4537,#4538,0.0099999997764825821);
#4540=IFCCARTESIANPOINTLIST2D(((0.,0.),(0.78953897953033447,0.),(0.78953897953033447,0.89999997615814209),(0.,0.89999997615814209)));
#4541=IFCINDEXEDPOLYCURVE(#4540,(IFCLINEINDEX((1,2,3,4,1))),$);
#4542=IFCCARTESIANPOINTLIST2D(((0.05000000074505806,0.05000000074505806),(0.73953897878527641,0.05000000074505806),(0.73953897878527641,0.84999997541308403),(0.05000000074505806,0.84999997541308403)));
#4543=IFCINDEXEDPOLYCURVE(#4542,(IFCLINEINDEX((1,2,3,4,1))),$);
#4544=IFCARBITRARYPROFILEDEFWITHVOIDS(.AREA.,$,#4541,(#4543));
#4545=IFCCARTESIANPOINT((0.,0.05000000074505806,0.));
#4546=IFCDIRECTION((0.,-1.,0.));
#4547=IFCDIRECTION((1.,0.,0.));
#4548=IFCAXIS2PLACEMENT3D(#4545,#4546,#4547);
#4549=IFCDIRECTION((0.,0.,-1.));
#4550=IFCEXTRUDEDAREASOLID(#4544,#4548,#4549,0.040000000968575478);
#4551=IFCCARTESIANPOINTLIST2D(((0.,0.),(0.73953897878527641,0.),(0.73953897878527641,0.84999997541308403),(0.,0.84999997541308403)));
#4552=IFCINDEXEDPOLYCURVE(#4551,(IFCLINEINDEX((1,2,3,4,1))),$);
#4553=IFCCARTESIANPOINTLIST2D(((0.035000000149011612,0.035000000149011612),(0.7045389786362648,0.035000000149011612),(0.7045389786362648,0.81499997526407242),(0.035000000149011612,0.81499997526407242)));
#4554=IFCINDEXEDPOLYCURVE(#4553,(IFCLINEINDEX((1,2,3,4,1))),$);
#4555=IFCARBITRARYPROFILEDEFWITHVOIDS(.AREA.,$,#4552,(#4554));
#4556=IFCCARTESIANPOINT((0.02500000037252903,0.090000001713633537,0.02500000037252903));
#4557=IFCDIRECTION((0.,-1.,0.));
#4558=IFCDIRECTION((1.,0.,0.));
#4559=IFCAXIS2PLACEMENT3D(#4556,#4557,#4558);
#4560=IFCDIRECTION((0.,0.,-1.));
#4561=IFCEXTRUDEDAREASOLID(#4555,#4559,#4560,0.035000000149011612);
#4562=IFCINDEXEDPOLYCURVE(#4563,(IFCLINEINDEX((1,2,3,4,1))),$);
#4563=IFCCARTESIANPOINTLIST2D(((0.035000000149011612,0.035000000149011612),(0.7045389786362648,0.035000000149011612),(0.7045389786362648,0.81499997526407242),(0.035000000149011612,0.81499997526407242)));
#4564=IFCARBITRARYCLOSEDPROFILEDEF(.AREA.,$,#4562);
#4565=IFCCARTESIANPOINT((0.02500000037252903,0.10250000178813934,0.02500000037252903));
#4566=IFCDIRECTION((0.,-1.,0.));
#4567=IFCDIRECTION((1.,0.,0.));
#4568=IFCAXIS2PLACEMENT3D(#4565,#4566,#4567);
#4569=IFCDIRECTION((0.,0.,-1.));
#4570=IFCEXTRUDEDAREASOLID(#4564,#4568,#4569,0.01);
#4571=IFCSHAPEREPRESENTATION(#11,'Body','SweptSolid',(#4539,#4550,#4561,#4570));
#4572=IFCSHAPEREPRESENTATION(#11,'Body','SweptSolid',(#4539,#4550));
#4573=IFCSHAPEASPECT((#4572),'Lining',$,.T.,#4425);
#4574=IFCSHAPEREPRESENTATION(#11,'Body','SweptSolid',(#4561));
#4575=IFCSHAPEASPECT((#4574),'Framing',$,.T.,#4425);
#4576=IFCSHAPEREPRESENTATION(#11,'Body','SweptSolid',(#4570));
#4577=IFCSHAPEASPECT((#4576),'Glazing',$,.T.,#4425);
#4578=IFCCARTESIANPOINTLIST2D(((0.05000000074505806,0.05000000074505806),(0.73953897878527641,0.05000000074505806)));
#4579=IFCINDEXEDPOLYCURVE(#4578,$,$);
#4580=IFCCARTESIANPOINTLIST2D(((0.,0.10000000149011612),(0.02500000037252903,0.10000000149011612),(0.02500000037252903,0.090000001713633537),(0.05000000074505806,0.090000001713633537),(0.05000000074505806,0.05000000074505806),(0.,0.05000000074505806)));
#4581=IFCINDEXEDPOLYCURVE(#4580,(IFCLINEINDEX((1,2,3,4,5,6,1))),$);
#4582=IFCCARTESIANPOINTLIST2D(((0.78953897953033447,0.10000000149011612),(0.76453897915780544,0.10000000149011612),(0.76453897915780544,0.090000001713633537),(0.73953897878527641,0.090000001713633537),(0.73953897878527641,0.05000000074505806),(0.78953897953033447,0.05000000074505806)));
#4583=IFCINDEXEDPOLYCURVE(#4582,(IFCLINEINDEX((1,2,3,4,5,6,1))),$);
#4584=IFCCARTESIANPOINTLIST2D(((0.02500000037252903,0.090000001713633537),(0.060000000521540642,0.090000001713633537),(0.060000000521540642,0.12500000186264515),(0.02500000037252903,0.12500000186264515)));
#4585=IFCINDEXEDPOLYCURVE(#4584,(IFCLINEINDEX((1,2,3,4,1))),$);
#4586=IFCINDEXEDPOLYCURVE(#4587,(IFCLINEINDEX((1,2,3,4,1))),$);
#4587=IFCCARTESIANPOINTLIST2D(((0.76453897915780544,0.090000001713633537),(0.72953897900879383,0.090000001713633537),(0.72953897900879383,0.12500000186264515),(0.76453897915780544,0.12500000186264515)));
#4588=IFCCARTESIANPOINTLIST2D(((0.060000000521540642,0.090000001713633537),(0.72953897900879383,0.090000001713633537)));
#4589=IFCINDEXEDPOLYCURVE(#4588,$,$);
#4590=IFCINDEXEDPOLYCURVE(#4591,$,$);
#4591=IFCCARTESIANPOINTLIST2D(((0.060000000521540642,0.12500000186264515),(0.72953897900879383,0.12500000186264515)));
#4592=IFCINDEXEDPOLYCURVE(#4593,$,$);
#4593=IFCCARTESIANPOINTLIST2D(((0.060000000521540642,0.10750000178813934),(0.72953897900879383,0.10750000178813934)));
#4594=IFCSHAPEREPRESENTATION(#24,'Body','Curve2D',(#4579,#4581,#4583,#4585,#4586,#4589,#4590,#4592));
#4595=IFCCARTESIANPOINTLIST2D(((0.,0.),(0.78953897953033447,0.),(0.78953897953033447,0.89999997615814209),(0.,0.89999997615814209)));
#4596=IFCINDEXEDPOLYCURVE(#4595,(IFCLINEINDEX((1,2,3,4,1))),$);
#4597=IFCARBITRARYCLOSEDPROFILEDEF(.AREA.,$,#4596);
#4598=IFCCARTESIANPOINT((0.,-0.60000002384185791,0.));
#4599=IFCDIRECTION((0.,-1.,0.));
#4600=IFCDIRECTION((1.,0.,0.));
#4601=IFCAXIS2PLACEMENT3D(#4598,#4599,#4600);
#4602=IFCDIRECTION((0.,0.,-1.));
#4603=IFCEXTRUDEDAREASOLID(#4597,#4601,#4602,1.2);
#4604=IFCSHAPEREPRESENTATION(#11,'Body','SweptSolid',(#4603));
#4610=IFCCARTESIANPOINT((3.0362119232719653,1.2012839154529331E-06,1.));
#4611=IFCDIRECTION((0.,0.,1.));
#4612=IFCDIRECTION((0.99999999999999289,1.1920928244535129E-07,0.));
#4613=IFCAXIS2PLACEMENT3D(#4610,#4611,#4612);
#4614=IFCLOCALPLACEMENT(#487,#4613);
#4615=IFCCARTESIANPOINT((-4.4408920985006262E-16,0.,0.));
#4616=IFCDIRECTION((0.,0.,1.));
#4617=IFCDIRECTION((1.,0.,0.));
#4618=IFCAXIS2PLACEMENT3D(#4615,#4616,#4617);
#4619=IFCLOCALPLACEMENT(#4614,#4618);
#4620=IFCWINDOWTYPE('2GIV_ignD6V8XZpPjBo5Xt',$,'Maid''s - GF',$,$,(#4621),(#4623,#4631,#4679),$,$,.WINDOW.,.SINGLE_PANEL.,$,$);
#4621=IFCPROPERTYSET('1D9cD4_f13mu3fEJIi2CIl',$,'BBIM_Window',$,(#4622));
#4622=IFCPROPERTYSINGLEVALUE('Data',$,IFCTEXT('{"window_type": "SINGLE_PANEL", "overall_height": 0.8999999761581421, "overall_width": 0.7529209852218628, "lining_properties": {"lining_depth": 0.05000000074505806, "lining_thickness": 0.05000000074505806, "lining_offset": 0.05000000074505806, "lining_to_panel_offset_x": 0.02500000037252903, "lining_to_panel_offset_y": 0.02500000037252903}, "panel_properties": {"frame_depth": [0.03500000014901161, 0.03500000014901161, 0.03500000014901161], "frame_thickness": [0.03500000014901161, 0.03500000014901161, 0.03500000014901161]}}'),$);
#4623=IFCREPRESENTATIONMAP(#4624,#4628);
#4624=IFCAXIS2PLACEMENT3D(#4625,#4626,#4627);
#4625=IFCCARTESIANPOINT((0.,0.,0.));
#4626=IFCDIRECTION((0.,0.,1.));
#4627=IFCDIRECTION((1.,0.,0.));
#4628=IFCSHAPEREPRESENTATION(#18,'Profile','Curve3D',(#4629));
#4629=IFCINDEXEDPOLYCURVE(#4630,(IFCLINEINDEX((1,2,3,4,1))),$);
#4630=IFCCARTESIANPOINTLIST3D(((0.,0.,0.),(0.75292098522186279,0.,0.),(0.75292098522186279,0.,0.89999997615814209),(0.,0.,0.89999997615814209)));
#4631=IFCREPRESENTATIONMAP(#4632,#4636);
#4632=IFCAXIS2PLACEMENT3D(#4633,#4634,#4635);
#4633=IFCCARTESIANPOINT((0.,0.,0.));
#4634=IFCDIRECTION((0.,0.,1.));
#4635=IFCDIRECTION((1.,0.,0.));
#4636=IFCSHAPEREPRESENTATION(#11,'Body','SweptSolid',(#4637,#4648,#4659,#4670));
#4637=IFCEXTRUDEDAREASOLID(#4638,#4643,#4647,0.0099999997764825821);
#4638=IFCARBITRARYPROFILEDEFWITHVOIDS(.AREA.,$,#4639,(#4641));
#4639=IFCINDEXEDPOLYCURVE(#4640,(IFCLINEINDEX((1,2,3,4,1))),$);
#4640=IFCCARTESIANPOINTLIST2D(((0.,0.),(0.75292098522186279,0.),(0.75292098522186279,0.89999997615814209),(0.,0.89999997615814209)));
#4641=IFCINDEXEDPOLYCURVE(#4642,(IFCLINEINDEX((1,2,3,4,1))),$);
#4642=IFCCARTESIANPOINTLIST2D(((0.02500000037252903,0.02500000037252903),(0.72792098484933376,0.02500000037252903),(0.72792098484933376,0.87499997578561306),(0.02500000037252903,0.87499997578561306)));
#4643=IFCAXIS2PLACEMENT3D(#4644,#4645,#4646);
#4644=IFCCARTESIANPOINT((0.,0.090000001713633537,0.));
#4645=IFCDIRECTION((0.,-1.,0.));
#4646=IFCDIRECTION((1.,0.,0.));
#4647=IFCDIRECTION((0.,0.,-1.));
#4648=IFCEXTRUDEDAREASOLID(#4649,#4654,#4658,0.040000000968575478);
#4649=IFCARBITRARYPROFILEDEFWITHVOIDS(.AREA.,$,#4650,(#4652));
#4650=IFCINDEXEDPOLYCURVE(#4651,(IFCLINEINDEX((1,2,3,4,1))),$);
#4651=IFCCARTESIANPOINTLIST2D(((0.,0.),(0.75292098522186279,0.),(0.75292098522186279,0.89999997615814209),(0.,0.89999997615814209)));
#4652=IFCINDEXEDPOLYCURVE(#4653,(IFCLINEINDEX((1,2,3,4,1))),$);
#4653=IFCCARTESIANPOINTLIST2D(((0.05000000074505806,0.05000000074505806),(0.70292098447680473,0.05000000074505806),(0.70292098447680473,0.84999997541308403),(0.05000000074505806,0.84999997541308403)));
#4654=IFCAXIS2PLACEMENT3D(#4655,#4656,#4657);
#4655=IFCCARTESIANPOINT((0.,0.05000000074505806,0.));
#4656=IFCDIRECTION((0.,-1.,0.));
#4657=IFCDIRECTION((1.,0.,0.));
#4658=IFCDIRECTION((0.,0.,-1.));
#4659=IFCEXTRUDEDAREASOLID(#4660,#4665,#4669,0.035000000149011612);
#4660=IFCARBITRARYPROFILEDEFWITHVOIDS(.AREA.,$,#4661,(#4663));
#4661=IFCINDEXEDPOLYCURVE(#4662,(IFCLINEINDEX((1,2,3,4,1))),$);
#4662=IFCCARTESIANPOINTLIST2D(((0.,0.),(0.70292098447680473,0.),(0.70292098447680473,0.84999997541308403),(0.,0.84999997541308403)));
#4663=IFCINDEXEDPOLYCURVE(#4664,(IFCLINEINDEX((1,2,3,4,1))),$);
#4664=IFCCARTESIANPOINTLIST2D(((0.035000000149011612,0.035000000149011612),(0.66792098432779312,0.035000000149011612),(0.66792098432779312,0.81499997526407242),(0.035000000149011612,0.81499997526407242)));
#4665=IFCAXIS2PLACEMENT3D(#4666,#4667,#4668);
#4666=IFCCARTESIANPOINT((0.02500000037252903,0.090000001713633537,0.02500000037252903));
#4667=IFCDIRECTION((0.,-1.,0.));
#4668=IFCDIRECTION((1.,0.,0.));
#4669=IFCDIRECTION((0.,0.,-1.));
#4670=IFCEXTRUDEDAREASOLID(#4671,#4674,#4678,0.01);
#4671=IFCARBITRARYCLOSEDPROFILEDEF(.AREA.,$,#4672);
#4672=IFCINDEXEDPOLYCURVE(#4673,(IFCLINEINDEX((1,2,3,4,1))),$);
#4673=IFCCARTESIANPOINTLIST2D(((0.035000000149011612,0.035000000149011612),(0.66792098432779312,0.035000000149011612),(0.66792098432779312,0.81499997526407242),(0.035000000149011612,0.81499997526407242)));
#4674=IFCAXIS2PLACEMENT3D(#4675,#4676,#4677);
#4675=IFCCARTESIANPOINT((0.02500000037252903,0.10250000178813934,0.02500000037252903));
#4676=IFCDIRECTION((0.,-1.,0.));
#4677=IFCDIRECTION((1.,0.,0.));
#4678=IFCDIRECTION((0.,0.,-1.));
#4679=IFCREPRESENTATIONMAP(#4680,#4684);
#4680=IFCAXIS2PLACEMENT3D(#4681,#4682,#4683);
#4681=IFCCARTESIANPOINT((0.,0.,0.));
#4682=IFCDIRECTION((0.,0.,1.));
#4683=IFCDIRECTION((1.,0.,0.));
#4684=IFCSHAPEREPRESENTATION(#24,'Body','Curve2D',(#4685,#4687,#4689,#4691,#4693,#4695,#4697,#4699));
#4685=IFCINDEXEDPOLYCURVE(#4686,$,$);
#4686=IFCCARTESIANPOINTLIST2D(((0.05000000074505806,0.05000000074505806),(0.70292098447680473,0.05000000074505806)));
#4687=IFCINDEXEDPOLYCURVE(#4688,(IFCLINEINDEX((1,2,3,4,5,6,1))),$);
#4688=IFCCARTESIANPOINTLIST2D(((0.,0.10000000149011612),(0.02500000037252903,0.10000000149011612),(0.02500000037252903,0.090000001713633537),(0.05000000074505806,0.090000001713633537),(0.05000000074505806,0.05000000074505806),(0.,0.05000000074505806)));
#4689=IFCINDEXEDPOLYCURVE(#4690,(IFCLINEINDEX((1,2,3,4,5,6,1))),$);
#4690=IFCCARTESIANPOINTLIST2D(((0.75292098522186279,0.10000000149011612),(0.72792098484933376,0.10000000149011612),(0.72792098484933376,0.090000001713633537),(0.70292098447680473,0.090000001713633537),(0.70292098447680473,0.05000000074505806),(0.75292098522186279,0.05000000074505806)));
#4691=IFCINDEXEDPOLYCURVE(#4692,(IFCLINEINDEX((1,2,3,4,1))),$);
#4692=IFCCARTESIANPOINTLIST2D(((0.02500000037252903,0.090000001713633537),(0.060000000521540642,0.090000001713633537),(0.060000000521540642,0.12500000186264515),(0.02500000037252903,0.12500000186264515)));
#4693=IFCINDEXEDPOLYCURVE(#4694,(IFCLINEINDEX((1,2,3,4,1))),$);
#4694=IFCCARTESIANPOINTLIST2D(((0.72792098484933376,0.090000001713633537),(0.69292098470032215,0.090000001713633537),(0.69292098470032215,0.12500000186264515),(0.72792098484933376,0.12500000186264515)));
#4695=IFCINDEXEDPOLYCURVE(#4696,$,$);
#4696=IFCCARTESIANPOINTLIST2D(((0.060000000521540642,0.090000001713633537),(0.69292098470032215,0.090000001713633537)));
#4697=IFCINDEXEDPOLYCURVE(#4698,$,$);
#4698=IFCCARTESIANPOINTLIST2D(((0.060000000521540642,0.12500000186264515),(0.69292098470032215,0.12500000186264515)));
#4699=IFCINDEXEDPOLYCURVE(#4700,$,$);
#4700=IFCCARTESIANPOINTLIST2D(((0.060000000521540642,0.10750000178813934),(0.69292098470032215,0.10750000178813934)));
#4785=IFCWINDOW('1rSSop2XnFG9Wp6QRHxpb7',$,'Window',$,$,#5046,#4794,$,0.89999997615814209,0.75292098522186279,$,$,$);
#4786=IFCRELDEFINESBYTYPE('2JThRrjw1AVRZUJouXvnMf',$,$,$,(#4785),#4620);
#4787=IFCCARTESIANPOINT((0.,0.,0.));
#4788=IFCDIRECTION((1.,0.,0.));
#4789=IFCDIRECTION((0.,1.,0.));
#4790=IFCDIRECTION((0.,0.,1.));
#4791=IFCCARTESIANTRANSFORMATIONOPERATOR3D(#4788,#4789,#4787,1.,#4790);
#4792=IFCMAPPEDITEM(#4623,#4791);
#4793=IFCSHAPEREPRESENTATION(#18,'Profile','MappedRepresentation',(#4792));
#4794=IFCPRODUCTDEFINITIONSHAPE($,$,(#4793,#4801,#4808));
#4795=IFCCARTESIANPOINT((0.,0.,0.));
#4796=IFCDIRECTION((1.,0.,0.));
#4797=IFCDIRECTION((0.,1.,0.));
#4798=IFCDIRECTION((0.,0.,1.));
#4799=IFCCARTESIANTRANSFORMATIONOPERATOR3D(#4796,#4797,#4795,1.,#4798);
#4800=IFCMAPPEDITEM(#4631,#4799);
#4801=IFCSHAPEREPRESENTATION(#11,'Body','MappedRepresentation',(#4800));
#4802=IFCCARTESIANPOINT((0.,0.,0.));
#4803=IFCDIRECTION((1.,0.,0.));
#4804=IFCDIRECTION((0.,1.,0.));
#4805=IFCDIRECTION((0.,0.,1.));
#4806=IFCCARTESIANTRANSFORMATIONOPERATOR3D(#4803,#4804,#4802,1.,#4805);
#4807=IFCMAPPEDITEM(#4679,#4806);
#4808=IFCSHAPEREPRESENTATION(#24,'Body','MappedRepresentation',(#4807));
#4809=IFCOPENINGELEMENT('3smFRNU5v3U9XfrmBzQD0A',$,'Opening',$,$,#4859,#4837,$,.OPENING.);
#4815=IFCCARTESIANPOINTLIST2D(((0.,0.),(0.75292098522186279,0.),(0.75292098522186279,0.89999997615814209),(0.,0.89999997615814209)));
#4816=IFCINDEXEDPOLYCURVE(#4815,(IFCLINEINDEX((1,2,3,4,1))),$);
#4817=IFCARBITRARYCLOSEDPROFILEDEF(.AREA.,$,#4816);
#4818=IFCCARTESIANPOINT((0.,-0.60000002384185791,0.));
#4819=IFCDIRECTION((0.,-1.,0.));
#4820=IFCDIRECTION((1.,0.,0.));
#4821=IFCAXIS2PLACEMENT3D(#4818,#4819,#4820);
#4822=IFCDIRECTION((0.,0.,-1.));
#4823=IFCEXTRUDEDAREASOLID(#4817,#4821,#4822,1.2);
#4824=IFCSHAPEREPRESENTATION(#11,'Body','SweptSolid',(#4823));
#4825=IFCCARTESIANPOINT((0.,0.,0.));
#4826=IFCDIRECTION((1.,0.,0.));
#4827=IFCDIRECTION((0.,0.,1.));
#4828=IFCAXIS2PLACEMENT3D(#4825,#4827,#4826);
#4829=IFCREPRESENTATIONMAP(#4828,#4824);
#4830=IFCCARTESIANPOINT((0.,0.,0.));
#4831=IFCDIRECTION((1.,0.,0.));
#4832=IFCDIRECTION((0.,1.,0.));
#4833=IFCDIRECTION((0.,0.,1.));
#4834=IFCCARTESIANTRANSFORMATIONOPERATOR3D(#4831,#4832,#4830,1.,#4833);
#4835=IFCMAPPEDITEM(#4829,#4834);
#4836=IFCSHAPEREPRESENTATION(#11,'Body','MappedRepresentation',(#4835));
#4837=IFCPRODUCTDEFINITIONSHAPE($,$,(#4836));
#4838=IFCRELVOIDSELEMENT('1oYcb4c3H5xhWzQs0Gm$gP',$,$,$,#187,#4809);
#4844=IFCRELFILLSELEMENT('2JMNgd6CT1yPnbXN6r8Z3i',$,$,$,#4809,#4785);
#4855=IFCCARTESIANPOINT((0.77440989017499262,-1.7527082007973149E-07,1.));
#4856=IFCDIRECTION((0.,0.,1.));
#4857=IFCDIRECTION((0.99999999999997158,-2.3841857910149749E-07,0.));
#4858=IFCAXIS2PLACEMENT3D(#4855,#4856,#4857);
#4859=IFCLOCALPLACEMENT(#198,#4858);
#4894=IFCBUILDINGSTOREY('1fBqHMUTPDIxmOCViMoMmM',$,'2F',$,$,#4915,$,$,$,$);
#4911=IFCCARTESIANPOINT((0.,0.,3.));
#4912=IFCDIRECTION((0.,0.,1.));
#4913=IFCDIRECTION((1.,0.,0.));
#4914=IFCAXIS2PLACEMENT3D(#4911,#4912,#4913);
#4915=IFCLOCALPLACEMENT(#56,#4914);
#4939=IFCRELCONTAINEDINSPATIALSTRUCTURE('0R3Gqe0dPDo8RoWg4dufqJ',$,$,$,(#6849,#5165,#5340,#5265,#5936,#6012,#5190,#5290,#5805,#5828,#6442,#5215,#5115,#7067,#5140,#5974,#5315,#5853,#5240),#4894);
#4961=IFCROOFTYPE('23Sq6GNqLEmPpHxB8sAUoT',$,'Unnamed',$,$,(#4962),(#4991,#5019),$,$,.HIP_ROOF.);
#4962=IFCPROPERTYSET('1Ozru_jXDCmAghGWFXOCRM',$,'BBIM_Roof',$,(#4963));
#4963=IFCPROPERTYSINGLEVALUE('Data',$,IFCTEXT('{"roof_type": "HIP/GABLE ROOF", "generation_method": "ANGLE", "roof_thickness": 0.10000000149011612, "rafter_edge_angle": 1.5707963705062866, "angle": 0.1745329201221466, "percentage": 17.63269805908203, "path_data": {"edges": [[0, 1], [1, 2], [2, 3], [3, 0]], "verts": [[-5.0, -5.0, 0.0], [-5.0, 5.0, 0.0], [5.0, 5.0, 0.0], [5.0, -5.0, 0.0]]}}'),$);
#4987=IFCCARTESIANPOINT((0.,0.,0.));
#4988=IFCDIRECTION((1.,0.,0.));
#4989=IFCDIRECTION((0.,0.,1.));
#4990=IFCAXIS2PLACEMENT3D(#4987,#4989,#4988);
#4991=IFCREPRESENTATIONMAP(#4990,#5010);
#4992=IFCINDEXEDPOLYGONALFACE((3,1,2));
#4993=IFCINDEXEDPOLYGONALFACE((2,4,3));
#4994=IFCINDEXEDPOLYGONALFACE((1,3,5));
#4995=IFCINDEXEDPOLYGONALFACE((4,5,3));
#4996=IFCINDEXEDPOLYGONALFACE((6,7,8));
#4997=IFCINDEXEDPOLYGONALFACE((8,2,1));
#4998=IFCINDEXEDPOLYGONALFACE((8,1,6));
#4999=IFCINDEXEDPOLYGONALFACE((8,7,9));
#5000=IFCINDEXEDPOLYGONALFACE((2,8,9));
#5001=IFCINDEXEDPOLYGONALFACE((2,9,4));
#5002=IFCINDEXEDPOLYGONALFACE((10,7,6));
#5003=IFCINDEXEDPOLYGONALFACE((6,1,5));
#5004=IFCINDEXEDPOLYGONALFACE((6,5,10));
#5005=IFCINDEXEDPOLYGONALFACE((9,7,10));
#5006=IFCINDEXEDPOLYGONALFACE((4,9,10));
#5007=IFCINDEXEDPOLYGONALFACE((4,10,5));
#5008=IFCCARTESIANPOINTLIST3D(((-5.,-5.,0.),(5.,-5.,0.),(0.,0.,0.88163489103317261),(5.,5.,0.),(-5.,5.,0.),(-5.,-5.,-0.10154265910387039),(0.,0.,0.78009223937988281),(5.,-5.,-0.10154265910387039),(5.,5.,-0.10154265910387039),(-5.,5.,-0.10154265910387039)));
#5009=IFCPOLYGONALFACESET(#5008,.T.,(#4992,#4993,#4994,#4995,#4996,#4997,#4998,#4999,#5000,#5001,#5002,#5003,#5004,#5005,#5006,#5007),$);
#5010=IFCSHAPEREPRESENTATION(#11,'Body','Tessellation',(#5009));
#5012=IFCCARTESIANPOINT((-5.,-5.,-0.10154265910387039));
#5013=IFCBOUNDINGBOX(#5012,10.,10.,0.9831775426864624);
#5014=IFCSHAPEREPRESENTATION(#13,'Box','BoundingBox',(#5013));
#5015=IFCCARTESIANPOINT((0.,0.,0.));
#5016=IFCDIRECTION((1.,0.,0.));
#5017=IFCDIRECTION((0.,0.,1.));
#5018=IFCAXIS2PLACEMENT3D(#5015,#5017,#5016);
#5019=IFCREPRESENTATIONMAP(#5018,#5014);
#5042=IFCCARTESIANPOINT((-8.6736173798840355E-19,-8.8817841970012523E-16,0.));
#5043=IFCDIRECTION((0.,0.,1.));
#5044=IFCDIRECTION((1.,0.,0.));
#5045=IFCAXIS2PLACEMENT3D(#5042,#5043,#5044);
#5046=IFCLOCALPLACEMENT(#4859,#5045);
#5086=IFCBUILDINGSTOREY('1YXhVEdQvFHPG_kyqQO0OZ',$,'3F',$,$,#5102,$,$,$,$);
#5098=IFCCARTESIANPOINT((0.,0.,0.));
#5099=IFCDIRECTION((0.,0.,1.));
#5100=IFCDIRECTION((1.,0.,0.));
#5101=IFCAXIS2PLACEMENT3D(#5098,#5099,#5100);
#5102=IFCLOCALPLACEMENT(#56,#5101);
#5103=IFCSLABTYPE('0wlrbyr5r8n8729JhvTS_y',$,'Slab - 2nd',$,$,(#5104),$,$,$,.FLOOR.);
#5104=IFCPROPERTYSET('3O0cs8JID0nArfzxFgu4T_',$,'EPset_Parametric',$,(#5105));
#5105=IFCPROPERTYSINGLEVALUE('LayerSetDirection',$,IFCLABEL('AXIS3'),$);
#5106=IFCRELASSOCIATESMATERIAL('2L$GcvVtz3SPXkxe2o9hCS',$,$,$,(#5103),#5107);
#5107=IFCMATERIALLAYERSET((#5108),$,$);
#5108=IFCMATERIALLAYER(#66,0.10000000000000001,$,$,$,$,$);
#5109=IFCWALLTYPE('1jYSp1YTHFuA2WRLRJTmba',$,'',$,$,(#5110),$,$,$,.SOLIDWALL.);
#5110=IFCPROPERTYSET('02HcSF80H7JhLrLYDT5fDT',$,'EPset_Parametric',$,(#5111));
#5111=IFCPROPERTYSINGLEVALUE('LayerSetDirection',$,IFCLABEL('AXIS2'),$);
#5112=IFCRELASSOCIATESMATERIAL('1rpYx$dkP088uZEQkcXsLE',$,$,$,(#5109),#5113);
#5113=IFCMATERIALLAYERSET((#5114),$,$);
#5114=IFCMATERIALLAYER(#66,0.10000000000000001,$,$,$,$,$);
#5115=IFCWALL('1z67hlusf0RgHcnLBkYfvW',$,'Wall',$,$,#5804,#5121,$,$);
#5116=IFCMATERIALLAYERSETUSAGE(#67,.AXIS2.,.POSITIVE.,0.,$);
#5117=IFCRELASSOCIATESMATERIAL('0U958c6uL0LhN5DskghfAj',$,$,$,(#5115),#5116);
#5121=IFCPRODUCTDEFINITIONSHAPE($,$,(#5799,#5796));
#5137=IFCPROPERTYSET('2OY4phGzb8xv42TSehxqEU',$,'EPset_Parametric',$,(#5139));
#5138=IFCRELDEFINESBYPROPERTIES('00yNQisyH8vA2i0S2To9Fn',$,$,$,(#5115),#5137);
#5139=IFCPROPERTYSINGLEVALUE('Engine',$,IFCLABEL('Bonsai.DumbLayer2'),$);
#5140=IFCWALL('1NsyXRhzv3WunmB9fsBobV',$,'Wall',$,$,#5151,#5146,$,$);
#5141=IFCMATERIALLAYERSETUSAGE(#67,.AXIS2.,.POSITIVE.,0.,$);
#5142=IFCRELASSOCIATESMATERIAL('28jsQgJev3cflTkJDt$zYD',$,$,$,(#5140),#5141);
#5146=IFCPRODUCTDEFINITIONSHAPE($,$,(#5553,#5550));
#5147=IFCCARTESIANPOINT((1.8268342018127441,-2.2190954685211182,0.));
#5148=IFCDIRECTION((0.,0.,1.));
#5149=IFCDIRECTION((-1.6292068494294437E-07,-0.99999999999998668,0.));
#5150=IFCAXIS2PLACEMENT3D(#5147,#5148,#5149);
#5151=IFCLOCALPLACEMENT(#4915,#5150);
#5162=IFCPROPERTYSET('01yt3BVgH77BpGchOCywtk',$,'EPset_Parametric',$,(#5164));
#5163=IFCRELDEFINESBYPROPERTIES('2FKCFOc5n1a9DWK$uzGUd0',$,$,$,(#5140),#5162);
#5164=IFCPROPERTYSINGLEVALUE('Engine',$,IFCLABEL('Bonsai.DumbLayer2'),$);
#5165=IFCWALL('0oXkddOlzC8A4ZzI4bq98j',$,'Wall',$,$,#5540,#5171,$,$);
#5166=IFCMATERIALLAYERSETUSAGE(#67,.AXIS2.,.POSITIVE.,0.,$);
#5167=IFCRELASSOCIATESMATERIAL('2U4nSZ6jnBxfXbYmNiM4bZ',$,$,$,(#5165),#5166);
#5171=IFCPRODUCTDEFINITIONSHAPE($,$,(#5585,#5582));
#5187=IFCPROPERTYSET('3vkiyNwez7qw1GI1RET4hP',$,'EPset_Parametric',$,(#5189));
#5188=IFCRELDEFINESBYPROPERTIES('2WPQhyGLH9ufLIi6XK087p',$,$,$,(#5165),#5187);
#5189=IFCPROPERTYSINGLEVALUE('Engine',$,IFCLABEL('Bonsai.DumbLayer2'),$);
#5190=IFCWALL('3Cg63hqBDFWvX8vATszJUy',$,'Wall',$,$,#5572,#5196,$,$);
#5191=IFCMATERIALLAYERSETUSAGE(#67,.AXIS2.,.POSITIVE.,0.,$);
#5192=IFCRELASSOCIATESMATERIAL('03v5QEplv3aOJ7tQrEHTpb',$,$,$,(#5190),#5191);
#5196=IFCPRODUCTDEFINITIONSHAPE($,$,(#6268,#6265));
#5212=IFCPROPERTYSET('0Q5tG4Pcb3$x2iaoAt2eJn',$,'EPset_Parametric',$,(#5214));
#5213=IFCRELDEFINESBYPROPERTIES('0xEKQAR0D7iv2xrzluXXV2',$,$,$,(#5190),#5212);
#5214=IFCPROPERTYSINGLEVALUE('Engine',$,IFCLABEL('Bonsai.DumbLayer2'),$);
#5215=IFCWALL('3l_0i_i8X6VQ9z9UNnvxt4',$,'Wall',$,$,#5604,#5221,$,$);
#5216=IFCMATERIALLAYERSETUSAGE(#67,.AXIS2.,.POSITIVE.,0.,$);
#5217=IFCRELASSOCIATESMATERIAL('0L_UjuFDz3AvjEAkA5jBxu',$,$,$,(#5215),#5216);
#5221=IFCPRODUCTDEFINITIONSHAPE($,$,(#5649,#5646));
#5237=IFCPROPERTYSET('0mZPxy$zL02wHldmmy7jA9',$,'EPset_Parametric',$,(#5239));
#5238=IFCRELDEFINESBYPROPERTIES('3MD6OmGrjBVxpXbZu2jXme',$,$,$,(#5215),#5237);
#5239=IFCPROPERTYSINGLEVALUE('Engine',$,IFCLABEL('Bonsai.DumbLayer2'),$);
#5240=IFCWALL('3LACf01UfA8en2WmRKg2AN',$,'Wall',$,$,#5636,#5246,$,$);
#5241=IFCMATERIALLAYERSETUSAGE(#67,.AXIS2.,.POSITIVE.,0.,$);
#5242=IFCRELASSOCIATESMATERIAL('1Xhc59F3XEXQfCkV9$kgLv',$,$,$,(#5240),#5241);
#5246=IFCPRODUCTDEFINITIONSHAPE($,$,(#5676,#5673));
#5262=IFCPROPERTYSET('28p502JBHBZwtOemBXlUpZ',$,'EPset_Parametric',$,(#5264));
#5263=IFCRELDEFINESBYPROPERTIES('0XUalOPYr8wQsTzpP9oTP7',$,$,$,(#5240),#5262);
#5264=IFCPROPERTYSINGLEVALUE('Engine',$,IFCLABEL('Bonsai.DumbLayer2'),$);
#5265=IFCWALL('0oTes0uH90gQQfvvnmHYPk',$,'Wall',$,$,#5276,#5271,$,$);
#5266=IFCMATERIALLAYERSETUSAGE(#67,.AXIS2.,.POSITIVE.,0.,$);
#5267=IFCRELASSOCIATESMATERIAL('1ZqT$9puTA1fuLG8_S8R3y',$,$,$,(#5265),#5266);
#5271=IFCPRODUCTDEFINITIONSHAPE($,$,(#5708,#5705));
#5272=IFCCARTESIANPOINT((0.17683346569538116,5.5209040641784668,0.));
#5273=IFCDIRECTION((0.,0.,1.));
#5274=IFCDIRECTION((-0.99999999999992428,3.8941436741876494E-07,0.));
#5275=IFCAXIS2PLACEMENT3D(#5272,#5273,#5274);
#5276=IFCLOCALPLACEMENT(#4915,#5275);
#5287=IFCPROPERTYSET('0FFDZRWRXF5AOZk7rlH69R',$,'EPset_Parametric',$,(#5289));
#5288=IFCRELDEFINESBYPROPERTIES('0$4XfHnML6QO9xdNmsOZfr',$,$,$,(#5265),#5287);
#5289=IFCPROPERTYSINGLEVALUE('Engine',$,IFCLABEL('Bonsai.DumbLayer2'),$);
#5290=IFCWALL('0h9XFlohL1oAGqAR7sADug',$,'Wall',$,$,#5695,#5296,$,$);
#5291=IFCMATERIALLAYERSETUSAGE(#67,.AXIS2.,.POSITIVE.,0.,$);
#5292=IFCRELASSOCIATESMATERIAL('2axuclOPL8rPnZ8qycR8Yh',$,$,$,(#5290),#5291);
#5296=IFCPRODUCTDEFINITIONSHAPE($,$,(#6150,#6147));
#5312=IFCPROPERTYSET('06lmy_hrv56QUwcFlM0x_v',$,'EPset_Parametric',$,(#5314));
#5313=IFCRELDEFINESBYPROPERTIES('0hDhoYRvP4bB08liHWrX9a',$,$,$,(#5290),#5312);
#5314=IFCPROPERTYSINGLEVALUE('Engine',$,IFCLABEL('Bonsai.DumbLayer2'),$);
#5315=IFCWALL('2wSY93_LX84xP6DeMQVCqx',$,'Wall',$,$,#5727,#5321,$,$);
#5316=IFCMATERIALLAYERSETUSAGE(#67,.AXIS2.,.POSITIVE.,0.,$);
#5317=IFCRELASSOCIATESMATERIAL('12ukWn8TfF$e$KdO$kx9Fb',$,$,$,(#5315),#5316);
#5321=IFCPRODUCTDEFINITIONSHAPE($,$,(#5772,#5769));
#5337=IFCPROPERTYSET('3$E7y3Nob1QxvTn8x_ti2S',$,'EPset_Parametric',$,(#5339));
#5338=IFCRELDEFINESBYPROPERTIES('27yFicCZT0VBmnLN_WgDIz',$,$,$,(#5315),#5337);
#5339=IFCPROPERTYSINGLEVALUE('Engine',$,IFCLABEL('Bonsai.DumbLayer2'),$);
#5340=IFCWALL('1GjhavjjT2aBWgZ93HtAai',$,'Wall',$,$,#5759,#5346,$,$);
#5341=IFCMATERIALLAYERSETUSAGE(#67,.AXIS2.,.POSITIVE.,0.,$);
#5342=IFCRELASSOCIATESMATERIAL('3UOI1hRb56Kup$gzL6emRz',$,$,$,(#5340),#5341);
#5346=IFCPRODUCTDEFINITIONSHAPE($,$,(#5786,#5783));
#5362=IFCPROPERTYSET('38W1DqwcPB7vhD3KtZ4jVu',$,'EPset_Parametric',$,(#5364));
#5363=IFCRELDEFINESBYPROPERTIES('2neqngTvn4hQ00Z_ewNVr8',$,$,$,(#5340),#5362);
#5364=IFCPROPERTYSINGLEVALUE('Engine',$,IFCLABEL('Bonsai.DumbLayer2'),$);
#5495=IFCRELCONNECTSPATHELEMENTS('00n0xPJ217auSeidfS$ygx',$,$,$,$,#5140,#5115,(),(),.ATEND.,.ATSTART.);
#5522=IFCRELCONNECTSPATHELEMENTS('3zY$xRXj54E92PtPvclKV9',$,$,$,$,#5165,#5140,(),(),.ATEND.,.ATSTART.);
#5536=IFCCARTESIANPOINT((1.8268340551841511,-3.1190953254699707,0.));
#5537=IFCDIRECTION((0.,0.,1.));
#5538=IFCDIRECTION((1.,0.,0.));
#5539=IFCAXIS2PLACEMENT3D(#5536,#5537,#5538);
#5540=IFCLOCALPLACEMENT(#4915,#5539);
#5541=IFCCARTESIANPOINTLIST2D(((0.,0.),(-0.10000001629206982,0.10000000000000001),(0.79999984065679441,0.10000000000000001),(0.8999998569488642,0.)));
#5542=IFCINDEXEDPOLYCURVE(#5541,(IFCLINEINDEX((1,2,3,4,1))),$);
#5543=IFCARBITRARYCLOSEDPROFILEDEF(.AREA.,$,#5542);
#5544=IFCCARTESIANPOINT((0.,0.,0.));
#5545=IFCDIRECTION((0.,0.,1.));
#5546=IFCDIRECTION((1.,0.,0.));
#5547=IFCAXIS2PLACEMENT3D(#5544,#5545,#5546);
#5548=IFCDIRECTION((0.,0.,1.));
#5549=IFCEXTRUDEDAREASOLID(#5543,#5547,#5548,3.);
#5550=IFCSHAPEREPRESENTATION(#11,'Body','SweptSolid',(#5549));
#5551=IFCCARTESIANPOINTLIST2D(((0.,0.),(0.8999998569488642,0.)));
#5552=IFCINDEXEDPOLYCURVE(#5551,$,$);
#5553=IFCSHAPEREPRESENTATION(#23,'Axis','Curve2D',(#5552));
#5554=IFCRELCONNECTSPATHELEMENTS('1dCisVx6r8AurxpVdDEWMV',$,$,$,$,#5190,#5165,(),(),.ATEND.,.ATSTART.);
#5568=IFCCARTESIANPOINT((4.226834297180158,-3.1190953254699711,0.));
#5569=IFCDIRECTION((0.,0.,1.));
#5570=IFCDIRECTION((7.5497901264043123E-08,0.99999999999999722,0.));
#5571=IFCAXIS2PLACEMENT3D(#5568,#5569,#5570);
#5572=IFCLOCALPLACEMENT(#4915,#5571);
#5573=IFCCARTESIANPOINTLIST2D(((0.,0.),(0.10000001629206984,0.10000000000000001),(2.3000002495457967,0.10000000000000001),(2.4000002419960067,0.)));
#5574=IFCINDEXEDPOLYCURVE(#5573,(IFCLINEINDEX((1,2,3,4,1))),$);
#5575=IFCARBITRARYCLOSEDPROFILEDEF(.AREA.,$,#5574);
#5576=IFCCARTESIANPOINT((0.,0.,0.));
#5577=IFCDIRECTION((0.,0.,1.));
#5578=IFCDIRECTION((1.,0.,0.));
#5579=IFCAXIS2PLACEMENT3D(#5576,#5577,#5578);
#5580=IFCDIRECTION((0.,0.,1.));
#5581=IFCEXTRUDEDAREASOLID(#5575,#5579,#5580,3.);
#5582=IFCSHAPEREPRESENTATION(#11,'Body','SweptSolid',(#5581));
#5583=IFCCARTESIANPOINTLIST2D(((0.,0.),(2.4000002419960067,0.)));
#5584=IFCINDEXEDPOLYCURVE(#5583,$,$);
#5585=IFCSHAPEREPRESENTATION(#23,'Axis','Curve2D',(#5584));
#5586=IFCRELCONNECTSPATHELEMENTS('3_H62hVcL80ApGJkXzOUsD',$,$,$,$,#5215,#5190,(),(),.ATEND.,.ATSTART.);
#5600=IFCCARTESIANPOINT((4.2268350234699961,6.5009050369265236,0.));
#5601=IFCDIRECTION((0.,0.,1.));
#5602=IFCDIRECTION((-0.99999999999998868,-1.5099580252808492E-07,0.));
#5603=IFCAXIS2PLACEMENT3D(#5600,#5601,#5602);
#5604=IFCLOCALPLACEMENT(#4915,#5603);
#5618=IFCRELCONNECTSPATHELEMENTS('2uDluIAsX3Y9lXWcMaa1AO',$,$,$,$,#5240,#5215,(),(),.ATEND.,.ATSTART.);
#5632=IFCCARTESIANPOINT((0.17683315277088868,6.50090442539324,0.));
#5633=IFCDIRECTION((0.,0.,1.));
#5634=IFCDIRECTION((3.1391647326016301E-07,-0.99999999999995071,0.));
#5635=IFCAXIS2PLACEMENT3D(#5632,#5633,#5634);
#5636=IFCLOCALPLACEMENT(#4915,#5635);
#5637=IFCCARTESIANPOINTLIST2D(((0.,0.),(0.10000002264937295,0.10000000000000001),(3.9500018544070841,0.10000000000000001),(4.0500018706991527,0.)));
#5638=IFCINDEXEDPOLYCURVE(#5637,(IFCLINEINDEX((1,2,3,4,1))),$);
#5639=IFCARBITRARYCLOSEDPROFILEDEF(.AREA.,$,#5638);
#5640=IFCCARTESIANPOINT((0.,0.,0.));
#5641=IFCDIRECTION((0.,0.,1.));
#5642=IFCDIRECTION((1.,0.,0.));
#5643=IFCAXIS2PLACEMENT3D(#5640,#5641,#5642);
#5644=IFCDIRECTION((0.,0.,1.));
#5645=IFCEXTRUDEDAREASOLID(#5639,#5643,#5644,3.);
#5646=IFCSHAPEREPRESENTATION(#11,'Body','SweptSolid',(#5645));
#5647=IFCCARTESIANPOINTLIST2D(((0.,0.),(4.0500018706991527,0.)));
#5648=IFCINDEXEDPOLYCURVE(#5647,$,$);
#5649=IFCSHAPEREPRESENTATION(#23,'Axis','Curve2D',(#5648));
#5650=IFCRELCONNECTSPATHELEMENTS('3k7S04hRPCcOmOhq$Q8naM',$,$,$,$,#5265,#5240,(),(),.ATEND.,.ATSTART.);
#5664=IFCCARTESIANPOINTLIST2D(((0.,0.),(0.10000001629206841,0.10000000000000001),(1.0800004315479284,0.10000000000000001),(0.9800003612148197,0.)));
#5665=IFCINDEXEDPOLYCURVE(#5664,(IFCLINEINDEX((1,2,3,4,1))),$);
#5666=IFCARBITRARYCLOSEDPROFILEDEF(.AREA.,$,#5665);
#5667=IFCCARTESIANPOINT((0.,0.,0.));
#5668=IFCDIRECTION((0.,0.,1.));
#5669=IFCDIRECTION((1.,0.,0.));
#5670=IFCAXIS2PLACEMENT3D(#5667,#5668,#5669);
#5671=IFCDIRECTION((0.,0.,1.));
#5672=IFCEXTRUDEDAREASOLID(#5666,#5670,#5671,3.);
#5673=IFCSHAPEREPRESENTATION(#11,'Body','SweptSolid',(#5672));
#5674=IFCCARTESIANPOINTLIST2D(((0.,0.),(0.9800003612148197,0.)));
#5675=IFCINDEXEDPOLYCURVE(#5674,$,$);
#5676=IFCSHAPEREPRESENTATION(#23,'Axis','Curve2D',(#5675));
#5677=IFCRELCONNECTSPATHELEMENTS('3lioF6GdT6fQna5V8qhOfn',$,$,$,$,#5290,#5265,(),(),.ATEND.,.ATSTART.);
#5691=IFCCARTESIANPOINT((-3.2831666469574632,5.5209054115522225,0.));
#5692=IFCDIRECTION((0.,0.,1.));
#5693=IFCDIRECTION((7.5497901264043123E-08,-0.99999999999999722,0.));
#5694=IFCAXIS2PLACEMENT3D(#5691,#5692,#5693);
#5695=IFCLOCALPLACEMENT(#4915,#5694);
#5696=IFCCARTESIANPOINTLIST2D(((0.,0.),(-0.1000000703331088,0.10000000000000001),(3.3600000608756333,0.10000000000000001),(3.4600001073668709,0.)));
#5697=IFCINDEXEDPOLYCURVE(#5696,(IFCLINEINDEX((1,2,3,4,1))),$);
#5698=IFCARBITRARYCLOSEDPROFILEDEF(.AREA.,$,#5697);
#5699=IFCCARTESIANPOINT((0.,0.,0.));
#5700=IFCDIRECTION((0.,0.,1.));
#5701=IFCDIRECTION((1.,0.,0.));
#5702=IFCAXIS2PLACEMENT3D(#5699,#5700,#5701);
#5703=IFCDIRECTION((0.,0.,1.));
#5704=IFCEXTRUDEDAREASOLID(#5698,#5702,#5703,3.);
#5705=IFCSHAPEREPRESENTATION(#11,'Body','SweptSolid',(#5704));
#5706=IFCCARTESIANPOINTLIST2D(((0.,0.),(3.4600001073668709,0.)));
#5707=IFCINDEXEDPOLYCURVE(#5706,$,$);
#5708=IFCSHAPEREPRESENTATION(#23,'Axis','Curve2D',(#5707));
#5709=IFCRELCONNECTSPATHELEMENTS('39GWPLXcrFSwvqxqBtMQGp',$,$,$,$,#5315,#5290,(),(),.ATEND.,.ATSTART.);
#5723=IFCCARTESIANPOINT((-3.2831661079023924,-1.6190953254699707,0.));
#5724=IFCDIRECTION((0.,0.,1.));
#5725=IFCDIRECTION((1.,0.,0.));
#5726=IFCAXIS2PLACEMENT3D(#5723,#5724,#5725);
#5727=IFCLOCALPLACEMENT(#4915,#5726);
#5741=IFCRELCONNECTSPATHELEMENTS('3nbwEqEDD9k9T1PjNynGMa',$,$,$,$,#5340,#5315,(),(),.ATEND.,.ATSTART.);
#5755=IFCCARTESIANPOINT((0.26683378219603449,-1.6190953254699709,0.));
#5756=IFCDIRECTION((0.,0.,1.));
#5757=IFCDIRECTION((-4.3711388286737889E-08,-0.99999999999999911,0.));
#5758=IFCAXIS2PLACEMENT3D(#5755,#5756,#5757);
#5759=IFCLOCALPLACEMENT(#4915,#5758);
#5760=IFCCARTESIANPOINTLIST2D(((0.,0.),(0.099999992450210171,0.10000000000000001),(3.6499998944695657,0.10000000000000001),(3.5499998900984266,0.)));
#5761=IFCINDEXEDPOLYCURVE(#5760,(IFCLINEINDEX((1,2,3,4,1))),$);
#5762=IFCARBITRARYCLOSEDPROFILEDEF(.AREA.,$,#5761);
#5763=IFCCARTESIANPOINT((0.,0.,0.));
#5764=IFCDIRECTION((0.,0.,1.));
#5765=IFCDIRECTION((1.,0.,0.));
#5766=IFCAXIS2PLACEMENT3D(#5763,#5764,#5765);
#5767=IFCDIRECTION((0.,0.,1.));
#5768=IFCEXTRUDEDAREASOLID(#5762,#5766,#5767,3.);
#5769=IFCSHAPEREPRESENTATION(#11,'Body','SweptSolid',(#5768));
#5770=IFCCARTESIANPOINTLIST2D(((0.,0.),(3.5499998900984266,0.)));
#5771=IFCINDEXEDPOLYCURVE(#5770,$,$);
#5772=IFCSHAPEREPRESENTATION(#23,'Axis','Curve2D',(#5771));
#5773=IFCRELCONNECTSPATHELEMENTS('3vjO_udwb2kg_Qsa4xTGkd',$,$,$,$,#5340,#5115,(),(),.ATSTART.,.ATEND.);
#5774=IFCCARTESIANPOINTLIST2D(((0.,0.),(-0.10000000437113893,0.10000000000000001),(0.50000013868000925,0.10000000000000001),(0.60000014305114813,0.)));
#5775=IFCINDEXEDPOLYCURVE(#5774,(IFCLINEINDEX((1,2,3,4,1))),$);
#5776=IFCARBITRARYCLOSEDPROFILEDEF(.AREA.,$,#5775);
#5777=IFCCARTESIANPOINT((0.,0.,0.));
#5778=IFCDIRECTION((0.,0.,1.));
#5779=IFCDIRECTION((1.,0.,0.));
#5780=IFCAXIS2PLACEMENT3D(#5777,#5778,#5779);
#5781=IFCDIRECTION((0.,0.,1.));
#5782=IFCEXTRUDEDAREASOLID(#5776,#5780,#5781,3.);
#5783=IFCSHAPEREPRESENTATION(#11,'Body','SweptSolid',(#5782));
#5784=IFCCARTESIANPOINTLIST2D(((0.,0.),(0.60000014305114813,0.)));
#5785=IFCINDEXEDPOLYCURVE(#5784,$,$);
#5786=IFCSHAPEREPRESENTATION(#23,'Axis','Curve2D',(#5785));
#5787=IFCCARTESIANPOINTLIST2D(((0.,0.),(0.10000000437113894,0.10000000000000001),(1.6600004621356188,0.10000000000000001),(1.5600004458435488,0.)));
#5788=IFCINDEXEDPOLYCURVE(#5787,(IFCLINEINDEX((1,2,3,4,1))),$);
#5789=IFCARBITRARYCLOSEDPROFILEDEF(.AREA.,$,#5788);
#5790=IFCCARTESIANPOINT((0.,0.,0.));
#5791=IFCDIRECTION((0.,0.,1.));
#5792=IFCDIRECTION((1.,0.,0.));
#5793=IFCAXIS2PLACEMENT3D(#5790,#5791,#5792);
#5794=IFCDIRECTION((0.,0.,1.));
#5795=IFCEXTRUDEDAREASOLID(#5789,#5793,#5794,3.);
#5796=IFCSHAPEREPRESENTATION(#11,'Body','SweptSolid',(#5795));
#5797=IFCCARTESIANPOINTLIST2D(((0.,0.),(1.5600004458435488,0.)));
#5798=IFCINDEXEDPOLYCURVE(#5797,$,$);
#5799=IFCSHAPEREPRESENTATION(#23,'Axis','Curve2D',(#5798));
#5800=IFCCARTESIANPOINT((0.26683375596919523,-2.2190954685211182,0.));
#5801=IFCDIRECTION((0.,0.,1.));
#5802=IFCDIRECTION((1.,0.,0.));
#5803=IFCAXIS2PLACEMENT3D(#5800,#5801,#5802);
#5804=IFCLOCALPLACEMENT(#4915,#5803);
#5805=IFCSLAB('1uju1_A0v3k8Fc$ZquhQ7_',$,'Slab',$,$,#5813,#5820,$,$);
#5806=IFCRELDEFINESBYTYPE('39Jw5CiE19TvBVh5ZqBfUJ',$,$,$,(#5805),#5103);
#5807=IFCMATERIALLAYERSETUSAGE(#5107,.AXIS3.,.POSITIVE.,-0.10000000149011612,$);
#5808=IFCRELASSOCIATESMATERIAL('2TNXw9X050B9ccnHrbYpK$',$,$,$,(#5805),#5807);
#5809=IFCCARTESIANPOINT((4.2268342971801758,-3.1190953254699707,0.));
#5810=IFCDIRECTION((0.,0.,1.));
#5811=IFCDIRECTION((1.,0.,0.));
#5812=IFCAXIS2PLACEMENT3D(#5809,#5810,#5811);
#5813=IFCLOCALPLACEMENT(#4915,#5812);
#5814=IFCCARTESIANPOINTLIST2D(((0.,0.),(-7.5,-1.1920928955078125E-06),(-7.5100011825561523,8.6400012969970703),(-4.0500006675720215,8.6399993896484375),(-4.0500011444091797,9.619999885559082),(9.5367431640625E-07,9.6200008392333984),(0.,0.)));
#5815=IFCINDEXEDPOLYCURVE(#5814,$,$);
#5816=IFCDIRECTION((0.,0.,1.));
#5817=IFCARBITRARYCLOSEDPROFILEDEF(.AREA.,$,#5815);
#5818=IFCEXTRUDEDAREASOLID(#5817,#5827,#5816,0.10000000000000001);
#5819=IFCSHAPEREPRESENTATION(#11,'Body','SweptSolid',(#5818));
#5820=IFCPRODUCTDEFINITIONSHAPE($,$,(#5819));
#5821=IFCPROPERTYSET('3T_lrgDhH8cBj_c68EoC4U',$,'EPset_Parametric',$,(#5823));
#5822=IFCRELDEFINESBYPROPERTIES('3y4l8E5gnAVgiD0Xe6Vc8v',$,$,$,(#5805),#5821);
#5823=IFCPROPERTYSINGLEVALUE('Engine',$,IFCLABEL('Bonsai.DumbLayer3'),$);
#5824=IFCCARTESIANPOINT((-0.,-0.,-0.10000000149011612));
#5825=IFCDIRECTION((0.,0.,1.));
#5826=IFCDIRECTION((1.,0.,0.));
#5827=IFCAXIS2PLACEMENT3D(#5824,#5825,#5826);
#5828=IFCWALL('0v9iELmjf6fQV7FHIfVfft',$,'Wall',$,$,#5839,#5834,$,$);
#5829=IFCMATERIALLAYERSETUSAGE(#67,.AXIS2.,.POSITIVE.,0.,$);
#5830=IFCRELASSOCIATESMATERIAL('1zkemGnp1BpuTFWY731IY0',$,$,$,(#5828),#5829);
#5834=IFCPRODUCTDEFINITIONSHAPE($,$,(#6209,#6206));
#5835=IFCCARTESIANPOINT((4.089599609375,5.0145587921142578,0.));
#5836=IFCDIRECTION((0.,0.,1.));
#5837=IFCDIRECTION((-0.99999999999999623,8.7422776573475527E-08,0.));
#5838=IFCAXIS2PLACEMENT3D(#5835,#5836,#5837);
#5839=IFCLOCALPLACEMENT(#4915,#5838);
#5850=IFCPROPERTYSET('0AC5NcJgf8SAk1x$8g5Jbb',$,'EPset_Parametric',$,(#5852));
#5851=IFCRELDEFINESBYPROPERTIES('3frgXtCEb46OTjgU8iWmc1',$,$,$,(#5828),#5850);
#5852=IFCPROPERTYSINGLEVALUE('Engine',$,IFCLABEL('Bonsai.DumbLayer2'),$);
#5853=IFCWALL('13BajWnYnABQ0CCfZwGd_T',$,'Wall',$,$,#5922,#5859,$,$);
#5854=IFCMATERIALLAYERSETUSAGE(#67,.AXIS2.,.POSITIVE.,0.,$);
#5855=IFCRELASSOCIATESMATERIAL('0IRzkY4PXAxPYz_oygTVnT',$,$,$,(#5853),#5854);
#5859=IFCPRODUCTDEFINITIONSHAPE($,$,(#5917,#5914));
#5875=IFCPROPERTYSET('0qfHbKNFL4LevS8SU44HP_',$,'EPset_Parametric',$,(#5877));
#5876=IFCRELDEFINESBYPROPERTIES('1GkM$bTibBpQCbv4c4S$4N',$,$,$,(#5853),#5875);
#5877=IFCPROPERTYSINGLEVALUE('Engine',$,IFCLABEL('Bonsai.DumbLayer2'),$);
#5904=IFCRELCONNECTSPATHELEMENTS('3$uledEzPATfRHmuZsw$Bn',$,$,$,$,#5853,#5828,(),(),.ATEND.,.ATSTART.);
#5905=IFCCARTESIANPOINTLIST2D(((0.,0.),(-0.099321572590445217,0.10000000000000001),(0.40635445658781361,0.10000000000000001),(0.40635445658781361,0.)));
#5906=IFCINDEXEDPOLYCURVE(#5905,(IFCLINEINDEX((1,2,3,4,1))),$);
#5907=IFCARBITRARYCLOSEDPROFILEDEF(.AREA.,$,#5906);
#5908=IFCCARTESIANPOINT((0.,0.,0.));
#5909=IFCDIRECTION((0.,0.,1.));
#5910=IFCDIRECTION((1.,0.,0.));
#5911=IFCAXIS2PLACEMENT3D(#5908,#5909,#5910);
#5912=IFCDIRECTION((0.,0.,1.));
#5913=IFCEXTRUDEDAREASOLID(#5907,#5911,#5912,3.);
#5914=IFCSHAPEREPRESENTATION(#11,'Body','SweptSolid',(#5913));
#5915=IFCCARTESIANPOINTLIST2D(((0.,0.),(0.40635445658781361,0.)));
#5916=IFCINDEXEDPOLYCURVE(#5915,$,$);
#5917=IFCSHAPEREPRESENTATION(#23,'Axis','Curve2D',(#5916));
#5918=IFCCARTESIANPOINT((0.27959966432805922,5.0145591251950314,0.));
#5919=IFCDIRECTION((0.,0.,1.));
#5920=IFCDIRECTION((-0.0068071993290865487,0.99997683075024002,0.));
#5921=IFCAXIS2PLACEMENT3D(#5918,#5919,#5920);
#5922=IFCLOCALPLACEMENT(#4915,#5921);
#5936=IFCWALL('3bYVbMWej6rw5u355RZDIk',$,'Wall',$,$,#5947,#5942,$,$);
#5937=IFCMATERIALLAYERSETUSAGE(#67,.AXIS2.,.POSITIVE.,0.,$);
#5938=IFCRELASSOCIATESMATERIAL('1R0fAOybPFFxE5z0$UA7G_',$,$,$,(#5936),#5937);
#5942=IFCPRODUCTDEFINITIONSHAPE($,$,(#6236,#6233));
#5943=IFCCARTESIANPOINT((0.36683377623558044,-1.5190953016281128,0.));
#5944=IFCDIRECTION((0.,0.,1.));
#5945=IFCDIRECTION((7.5497901264043109E-08,0.99999999999999711,0.));
#5946=IFCAXIS2PLACEMENT3D(#5943,#5944,#5945);
#5947=IFCLOCALPLACEMENT(#4915,#5946);
#5958=IFCPROPERTYSET('32l1uJNJ1CRg$R_WpBUiui',$,'EPset_Parametric',$,(#5960));
#5959=IFCRELDEFINESBYPROPERTIES('0addId4OL3tuBNshoMtcEW',$,$,$,(#5936),#5958);
#5960=IFCPROPERTYSINGLEVALUE('Engine',$,IFCLABEL('Bonsai.DumbLayer2'),$);
#5974=IFCWALL('3kis2O_x15gxU8Y41X$osQ',$,'Wall',$,$,#6169,#5980,$,$);
#5975=IFCMATERIALLAYERSETUSAGE(#67,.AXIS2.,.POSITIVE.,0.,$);
#5976=IFCRELASSOCIATESMATERIAL('1jllnaEv16G89aFdUrJh$L',$,$,$,(#5974),#5975);
#5980=IFCPRODUCTDEFINITIONSHAPE($,$,(#6164,#6161));
#5996=IFCPROPERTYSET('3UbER60oH6nPaaFJtVxnCN',$,'EPset_Parametric',$,(#5998));
#5997=IFCRELDEFINESBYPROPERTIES('11mYxK4GT0uA8piFVykbHU',$,$,$,(#5974),#5996);
#5998=IFCPROPERTYSINGLEVALUE('Engine',$,IFCLABEL('Bonsai.DumbLayer2'),$);
#6012=IFCWALL('2XgVEGBkP2WfSrLxDJlldI',$,'Wall',$,$,#6255,#6018,$,$);
#6013=IFCMATERIALLAYERSETUSAGE(#67,.AXIS2.,.POSITIVE.,0.,$);
#6014=IFCRELASSOCIATESMATERIAL('2clDwGDxr4Khv2tGQgHiDP',$,$,$,(#6012),#6013);
#6018=IFCPRODUCTDEFINITIONSHAPE($,$,(#6250,#6247));
#6034=IFCPROPERTYSET('0uaysz_Zv6_gSpgsFLt5l8',$,'EPset_Parametric',$,(#6036));
#6035=IFCRELDEFINESBYPROPERTIES('3HKCp6VwjFiejsuzLYy_ET',$,$,$,(#6012),#6034);
#6036=IFCPROPERTYSINGLEVALUE('Engine',$,IFCLABEL('Bonsai.DumbLayer2'),$);
#6124=IFCRELCONNECTSPATHELEMENTS('2r99OBm_f35xVdHWFNo2zh',$,$,$,$,#5974,#5290,(),(),.ATPATH.,.ATEND.);
#6138=IFCCARTESIANPOINTLIST2D(((0.,0.),(0.10000004649123768,0.10000000000000001),(7.0400007445720023,0.10000000000000001),(7.1400007370222127,0.)));
#6139=IFCINDEXEDPOLYCURVE(#6138,(IFCLINEINDEX((1,2,3,4,1))),$);
#6140=IFCARBITRARYCLOSEDPROFILEDEF(.AREA.,$,#6139);
#6141=IFCCARTESIANPOINT((0.,0.,0.));
#6142=IFCDIRECTION((0.,0.,1.));
#6143=IFCDIRECTION((1.,0.,0.));
#6144=IFCAXIS2PLACEMENT3D(#6141,#6142,#6143);
#6145=IFCDIRECTION((0.,0.,1.));
#6146=IFCEXTRUDEDAREASOLID(#6140,#6144,#6145,3.);
#6147=IFCSHAPEREPRESENTATION(#11,'Body','SweptSolid',(#6146));
#6148=IFCCARTESIANPOINTLIST2D(((0.,0.),(7.1400007370222127,0.)));
#6149=IFCINDEXEDPOLYCURVE(#6148,$,$);
#6150=IFCSHAPEREPRESENTATION(#23,'Axis','Curve2D',(#6149));
#6151=IFCRELCONNECTSPATHELEMENTS('2iv9W1u0b4fARhejgeUssf',$,$,$,$,#5974,#5936,(),(),.ATPATH.,.ATSTART.);
#6152=IFCCARTESIANPOINTLIST2D(((0.10000000000000003,0.),(0.09999999880751248,0.10000000000000001),(3.5500004990339478,0.10000000000000001),(3.5500005153260155,0.)));
#6153=IFCINDEXEDPOLYCURVE(#6152,(IFCLINEINDEX((1,2,3,4,1))),$);
#6154=IFCARBITRARYCLOSEDPROFILEDEF(.AREA.,$,#6153);
#6155=IFCCARTESIANPOINT((0.,0.,0.));
#6156=IFCDIRECTION((0.,0.,1.));
#6157=IFCDIRECTION((1.,0.,0.));
#6158=IFCAXIS2PLACEMENT3D(#6155,#6156,#6157);
#6159=IFCDIRECTION((0.,0.,1.));
#6160=IFCEXTRUDEDAREASOLID(#6154,#6158,#6159,3.);
#6161=IFCSHAPEREPRESENTATION(#11,'Body','SweptSolid',(#6160));
#6162=IFCCARTESIANPOINTLIST2D(((0.,0.),(3.6500005153260169,0.)));
#6163=IFCINDEXEDPOLYCURVE(#6162,$,$);
#6164=IFCSHAPEREPRESENTATION(#23,'Axis','Curve2D',(#6163));
#6165=IFCCARTESIANPOINT((0.36683408805468765,2.6110739083236636,0.));
#6166=IFCDIRECTION((0.,0.,1.));
#6167=IFCDIRECTION((-0.99999999999999623,8.7422776573475527E-08,0.));
#6168=IFCAXIS2PLACEMENT3D(#6165,#6166,#6167);
#6169=IFCLOCALPLACEMENT(#4915,#6168);
#6183=IFCRELCONNECTSPATHELEMENTS('0uoJkGaxPDAuvUPtpRCGHZ',$,$,$,$,#5936,#5828,(),(),.ATPATH.,.ATEND.);
#6197=IFCCARTESIANPOINTLIST2D(((0.,0.),(0.,0.10000000000000001),(3.9093215176373999,0.10000000000000001),(3.8099999450469548,0.)));
#6198=IFCINDEXEDPOLYCURVE(#6197,(IFCLINEINDEX((1,2,3,4,1))),$);
#6199=IFCARBITRARYCLOSEDPROFILEDEF(.AREA.,$,#6198);
#6200=IFCCARTESIANPOINT((0.,0.,0.));
#6201=IFCDIRECTION((0.,0.,1.));
#6202=IFCDIRECTION((1.,0.,0.));
#6203=IFCAXIS2PLACEMENT3D(#6200,#6201,#6202);
#6204=IFCDIRECTION((0.,0.,1.));
#6205=IFCEXTRUDEDAREASOLID(#6199,#6203,#6204,3.);
#6206=IFCSHAPEREPRESENTATION(#11,'Body','SweptSolid',(#6205));
#6207=IFCCARTESIANPOINTLIST2D(((0.,0.),(3.8099999450469548,0.)));
#6208=IFCINDEXEDPOLYCURVE(#6207,$,$);
#6209=IFCSHAPEREPRESENTATION(#23,'Axis','Curve2D',(#6208));
#6210=IFCRELCONNECTSPATHELEMENTS('2iyDK1GVf9ZA3kC13RB96w',$,$,$,$,#6012,#5936,(),(),.ATPATH.,.ATEND.);
#6224=IFCCARTESIANPOINTLIST2D(((0.,0.),(0.,0.10000000000000001),(6.4336544203893595,0.10000000000000001),(6.4336544191968716,0.)));
#6225=IFCINDEXEDPOLYCURVE(#6224,(IFCLINEINDEX((1,2,3,4,1))),$);
#6226=IFCARBITRARYCLOSEDPROFILEDEF(.AREA.,$,#6225);
#6227=IFCCARTESIANPOINT((0.,0.,0.));
#6228=IFCDIRECTION((0.,0.,1.));
#6229=IFCDIRECTION((1.,0.,0.));
#6230=IFCAXIS2PLACEMENT3D(#6227,#6228,#6229);
#6231=IFCDIRECTION((0.,0.,1.));
#6232=IFCEXTRUDEDAREASOLID(#6226,#6230,#6231,3.);
#6233=IFCSHAPEREPRESENTATION(#11,'Body','SweptSolid',(#6232));
#6234=IFCCARTESIANPOINTLIST2D(((0.,0.),(6.5336544191968713,0.)));
#6235=IFCINDEXEDPOLYCURVE(#6234,$,$);
#6236=IFCSHAPEREPRESENTATION(#23,'Axis','Curve2D',(#6235));
#6237=IFCRELCONNECTSPATHELEMENTS('2HkJ5VmQ9FN8ACt60LFRFu',$,$,$,$,#6012,#5190,(),(),.ATPATH.,.ATSTART.);
#6238=IFCCARTESIANPOINTLIST2D(((0.10000000000000003,0.),(0.09999999880751248,0.10000000000000001),(3.8600006405487237,0.10000000000000001),(3.8600006417412107,0.)));
#6239=IFCINDEXEDPOLYCURVE(#6238,(IFCLINEINDEX((1,2,3,4,1))),$);
#6240=IFCARBITRARYCLOSEDPROFILEDEF(.AREA.,$,#6239);
#6241=IFCCARTESIANPOINT((0.,0.,0.));
#6242=IFCDIRECTION((0.,0.,1.));
#6243=IFCDIRECTION((1.,0.,0.));
#6244=IFCAXIS2PLACEMENT3D(#6241,#6242,#6243);
#6245=IFCDIRECTION((0.,0.,1.));
#6246=IFCEXTRUDEDAREASOLID(#6240,#6244,#6245,3.);
#6247=IFCSHAPEREPRESENTATION(#11,'Body','SweptSolid',(#6246));
#6248=IFCCARTESIANPOINTLIST2D(((0.,0.),(3.8600006417412107,0.)));
#6249=IFCINDEXEDPOLYCURVE(#6248,$,$);
#6250=IFCSHAPEREPRESENTATION(#23,'Axis','Curve2D',(#6249));
#6251=IFCCARTESIANPOINT((4.2268345684086421,0.47343478626607938,0.));
#6252=IFCDIRECTION((0.,0.,1.));
#6253=IFCDIRECTION((-0.99999999999999623,8.7422776573475527E-08,0.));
#6254=IFCAXIS2PLACEMENT3D(#6251,#6252,#6253);
#6255=IFCLOCALPLACEMENT(#4915,#6254);
#6256=IFCCARTESIANPOINTLIST2D(((0.,0.),(0.099999992450210157,0.10000000000000001),(9.5200003397471473,0.10000000000000001),(9.6200003623965209,0.)));
#6257=IFCINDEXEDPOLYCURVE(#6256,(IFCLINEINDEX((1,2,3,4,1))),$);
#6258=IFCARBITRARYCLOSEDPROFILEDEF(.AREA.,$,#6257);
#6259=IFCCARTESIANPOINT((0.,0.,0.));
#6260=IFCDIRECTION((0.,0.,1.));
#6261=IFCDIRECTION((1.,0.,0.));
#6262=IFCAXIS2PLACEMENT3D(#6259,#6260,#6261);
#6263=IFCDIRECTION((0.,0.,1.));
#6264=IFCEXTRUDEDAREASOLID(#6258,#6262,#6263,3.);
#6265=IFCSHAPEREPRESENTATION(#11,'Body','SweptSolid',(#6264));
#6266=IFCCARTESIANPOINTLIST2D(((0.,0.),(9.6200003623965209,0.)));
#6267=IFCINDEXEDPOLYCURVE(#6266,$,$);
#6268=IFCSHAPEREPRESENTATION(#23,'Axis','Curve2D',(#6267));
#6269=IFCDOORTYPE('2aOFO7B8L1ZRo4$oh5DBFq',$,'Bathroom - 2nd',$,$,(#6270),(#6272,#6280,#6358),$,$,.DOOR.,.SINGLE_SWING_LEFT.,$,$);
#6270=IFCPROPERTYSET('0gNRT6qjHALAsJkdzAHuHi',$,'BBIM_Door',$,(#6271));
#6271=IFCPROPERTYSINGLEVALUE('Data',$,IFCTEXT('{"door_type": "SINGLE_SWING_LEFT", "overall_height": 2.0, "overall_width": 0.7418296337127686, "lining_properties": {"lining_depth": 0.05000000074505806, "lining_thickness": 0.05000000074505806, "lining_offset": 0.0, "lining_to_panel_offset_x": 0.02500000037252903, "lining_to_panel_offset_y": 0.02500000037252903, "transom_thickness": 0.0, "casing_thickness": 0.07500000298023224, "casing_depth": 0.004999999888241291, "threshold_thickness": 0.02500000037252903, "threshold_depth": 0.10000000149011612, "threshold_offset": 0.0}, "panel_properties": {"panel_depth": 0.03500000014901161, "panel_width_ratio": 1.0}}'),$);
#6272=IFCREPRESENTATIONMAP(#6273,#6628);
#6273=IFCAXIS2PLACEMENT3D(#6274,#6275,#6276);
#6274=IFCCARTESIANPOINT((0.,0.,0.));
#6275=IFCDIRECTION((0.,0.,1.));
#6276=IFCDIRECTION((1.,0.,0.));
#6280=IFCREPRESENTATIONMAP(#6281,#6701);
#6281=IFCAXIS2PLACEMENT3D(#6282,#6283,#6284);
#6282=IFCCARTESIANPOINT((0.,0.,0.));
#6283=IFCDIRECTION((0.,0.,1.));
#6284=IFCDIRECTION((1.,0.,0.));
#6358=IFCREPRESENTATIONMAP(#6359,#6715);
#6359=IFCAXIS2PLACEMENT3D(#6360,#6361,#6362);
#6360=IFCCARTESIANPOINT((0.,0.,0.));
#6361=IFCDIRECTION((0.,0.,1.));
#6362=IFCDIRECTION((1.,0.,0.));
#6442=IFCDOOR('1IE0ZAzunEtvQO3CoTd_0p',$,'Door',$,$,#6740,#6451,$,2.,0.74182963371276855,$,.SINGLE_SWING_LEFT.,$);
#6443=IFCRELDEFINESBYTYPE('1xZmkeWtb05xZhQ2mSs02U',$,$,$,(#6442),#6269);
#6444=IFCCARTESIANPOINT((0.,0.,0.));
#6445=IFCDIRECTION((1.,0.,0.));
#6446=IFCDIRECTION((0.,1.,0.));
#6447=IFCDIRECTION((0.,0.,1.));
#6448=IFCCARTESIANTRANSFORMATIONOPERATOR3D(#6445,#6446,#6444,1.,#6447);
#6449=IFCMAPPEDITEM(#6272,#6448);
#6450=IFCSHAPEREPRESENTATION(#18,'Profile','MappedRepresentation',(#6449));
#6451=IFCPRODUCTDEFINITIONSHAPE($,$,(#6450,#6458,#6465));
#6452=IFCCARTESIANPOINT((0.,0.,0.));
#6453=IFCDIRECTION((1.,0.,0.));
#6454=IFCDIRECTION((0.,1.,0.));
#6455=IFCDIRECTION((0.,0.,1.));
#6456=IFCCARTESIANTRANSFORMATIONOPERATOR3D(#6453,#6454,#6452,1.,#6455);
#6457=IFCMAPPEDITEM(#6280,#6456);
#6458=IFCSHAPEREPRESENTATION(#11,'Body','MappedRepresentation',(#6457));
#6459=IFCCARTESIANPOINT((0.,0.,0.));
#6460=IFCDIRECTION((1.,0.,0.));
#6461=IFCDIRECTION((0.,1.,0.));
#6462=IFCDIRECTION((0.,0.,1.));
#6463=IFCCARTESIANTRANSFORMATIONOPERATOR3D(#6460,#6461,#6459,1.,#6462);
#6464=IFCMAPPEDITEM(#6358,#6463);
#6465=IFCSHAPEREPRESENTATION(#24,'Body','MappedRepresentation',(#6464));
#6466=IFCOPENINGELEMENT('1WzgHsHZn8Z9Gdpzz64tSL',$,'Opening',$,$,#6735,#6494,$,.OPENING.);
#6482=IFCCARTESIANPOINT((0.,0.,0.));
#6483=IFCDIRECTION((1.,0.,0.));
#6484=IFCDIRECTION((0.,0.,1.));
#6485=IFCAXIS2PLACEMENT3D(#6482,#6484,#6483);
#6486=IFCREPRESENTATIONMAP(#6485,#6725);
#6487=IFCCARTESIANPOINT((0.,0.,0.));
#6488=IFCDIRECTION((1.,0.,0.));
#6489=IFCDIRECTION((0.,1.,0.));
#6490=IFCDIRECTION((0.,0.,1.));
#6491=IFCCARTESIANTRANSFORMATIONOPERATOR3D(#6488,#6489,#6487,1.,#6490);
#6492=IFCMAPPEDITEM(#6486,#6491);
#6493=IFCSHAPEREPRESENTATION(#11,'Body','MappedRepresentation',(#6492));
#6494=IFCPRODUCTDEFINITIONSHAPE($,$,(#6493));
#6495=IFCRELVOIDSELEMENT('3LXJeqWmD528LtOEcl4LBZ',$,$,$,#5828,#6466);
#6501=IFCRELFILLSELEMENT('2TMFc0VbX68OyaqYENGYJq',$,$,$,#6466,#6442);
#6510=IFCCARTESIANPOINTLIST2D(((0.,0.),(0.,2.),(0.74182963371276855,2.),(0.74182963371276855,0.),(0.71682963334023952,0.),(0.71682963334023952,1.974999999627471),(0.02500000037252903,1.974999999627471),(0.02500000037252903,0.)));
#6511=IFCINDEXEDPOLYCURVE(#6510,(IFCLINEINDEX((1,2,3,4,5,6,7,8,1))),$);
#6512=IFCARBITRARYCLOSEDPROFILEDEF(.AREA.,$,#6511);
#6513=IFCCARTESIANPOINT((0.,0.02500000037252903,0.));
#6514=IFCDIRECTION((0.,-1.,0.));
#6515=IFCDIRECTION((1.,0.,0.));
#6516=IFCAXIS2PLACEMENT3D(#6513,#6514,#6515);
#6517=IFCDIRECTION((0.,0.,-1.));
#6518=IFCEXTRUDEDAREASOLID(#6512,#6516,#6517,0.02500000037252903);
#6519=IFCCARTESIANPOINTLIST2D(((0.,0.),(0.,2.),(0.74182963371276855,2.),(0.74182963371276855,0.),(0.69182963296771049,0.),(0.69182963296771049,1.9499999992549419),(0.05000000074505806,1.9499999992549419),(0.05000000074505806,0.)));
#6520=IFCINDEXEDPOLYCURVE(#6519,(IFCLINEINDEX((1,2,3,4,5,6,7,8,1))),$);
#6521=IFCARBITRARYCLOSEDPROFILEDEF(.AREA.,$,#6520);
#6522=IFCCARTESIANPOINT((0.,0.,0.));
#6523=IFCDIRECTION((0.,-1.,0.));
#6524=IFCDIRECTION((1.,0.,0.));
#6525=IFCAXIS2PLACEMENT3D(#6522,#6523,#6524);
#6526=IFCDIRECTION((0.,0.,-1.));
#6527=IFCEXTRUDEDAREASOLID(#6521,#6525,#6526,0.02500000037252903);
#6528=IFCCARTESIANPOINTLIST2D(((0.,0.),(0.64182963222265244,0.),(0.64182963222265244,0.10000000149011612),(0.,0.10000000149011612)));
#6529=IFCINDEXEDPOLYCURVE(#6528,(IFCLINEINDEX((1,2,3,4,1))),$);
#6530=IFCARBITRARYCLOSEDPROFILEDEF(.AREA.,$,#6529);
#6531=IFCCARTESIANPOINT((0.05000000074505806,0.,0.));
#6532=IFCDIRECTION((0.,0.,1.));
#6533=IFCDIRECTION((1.,0.,0.));
#6534=IFCAXIS2PLACEMENT3D(#6531,#6532,#6533);
#6535=IFCDIRECTION((0.,0.,1.));
#6536=IFCEXTRUDEDAREASOLID(#6530,#6534,#6535,0.02500000037252903);
#6537=IFCCARTESIANPOINTLIST2D(((0.,0.),(0.,2.0250000022351742),(0.79182963818311691,2.0250000022351742),(0.79182963818311691,0.),(0.71682963520288467,0.),(0.71682963520288467,1.9499999992549419),(0.075000002980232239,1.9499999992549419),(0.075000002980232239,0.)));
#6538=IFCINDEXEDPOLYCURVE(#6537,(IFCLINEINDEX((1,2,3,4,5,6,7,8,1))),$);
#6539=IFCARBITRARYCLOSEDPROFILEDEF(.AREA.,$,#6538);
#6540=IFCCARTESIANPOINT((-0.025000002235174179,-0.004999999888241291,0.));
#6541=IFCDIRECTION((0.,-1.,0.));
#6542=IFCDIRECTION((1.,0.,0.));
#6543=IFCAXIS2PLACEMENT3D(#6540,#6541,#6542);
#6544=IFCDIRECTION((0.,0.,-1.));
#6545=IFCEXTRUDEDAREASOLID(#6539,#6543,#6544,0.004999999888241291);
#6546=IFCCARTESIANPOINTLIST2D(((0.,0.),(0.,2.0250000022351742),(0.79182963818311691,2.0250000022351742),(0.79182963818311691,0.),(0.7418296355754137,0.),(0.7418296355754137,1.974999999627471),(0.050000002607703209,1.974999999627471),(0.050000002607703209,0.)));
#6547=IFCINDEXEDPOLYCURVE(#6546,(IFCLINEINDEX((1,2,3,4,5,6,7,8,1))),$);
#6548=IFCARBITRARYCLOSEDPROFILEDEF(.AREA.,$,#6547);
#6549=IFCCARTESIANPOINT((-0.025000002235174179,0.05000000074505806,0.));
#6550=IFCDIRECTION((0.,-1.,0.));
#6551=IFCDIRECTION((1.,0.,0.));
#6552=IFCAXIS2PLACEMENT3D(#6549,#6550,#6551);
#6553=IFCDIRECTION((0.,0.,-1.));
#6554=IFCEXTRUDEDAREASOLID(#6548,#6552,#6553,0.004999999888241291);
#6555=IFCCARTESIANPOINTLIST2D(((0.,0.),(0.69182963296771049,0.),(0.69182963296771049,0.035000000149011612),(0.,0.035000000149011612)));
#6556=IFCINDEXEDPOLYCURVE(#6555,(IFCLINEINDEX((1,2,3,4,1))),$);
#6557=IFCARBITRARYCLOSEDPROFILEDEF(.AREA.,$,#6556);
#6558=IFCCARTESIANPOINT((0.02500000037252903,0.02500000037252903,0.02500000037252903));
#6559=IFCDIRECTION((0.,0.,1.));
#6560=IFCDIRECTION((1.,0.,0.));
#6561=IFCAXIS2PLACEMENT3D(#6558,#6559,#6560);
#6562=IFCDIRECTION((0.,0.,1.));
#6563=IFCEXTRUDEDAREASOLID(#6557,#6561,#6562,1.9499999992549419);
#6564=IFCCARTESIANPOINTLIST2D(((0.,0.),(0.,-0.040000000000000001),(-0.11999999999999988,-0.040000000000000001),(-0.11999999999999988,-0.02),(-0.020000000000000018,-0.02),(-0.020000000000000018,0.)));
#6565=IFCINDEXEDPOLYCURVE(#6564,(IFCLINEINDEX((1,2,3,4,5,6,1))),$);
#6566=IFCARBITRARYCLOSEDPROFILEDEF(.AREA.,$,#6565);
#6567=IFCCARTESIANPOINT((0.66682963334023948,0.02500000037252903,1.015000000372529));
#6568=IFCDIRECTION((0.,0.,1.));
#6569=IFCDIRECTION((1.,0.,0.));
#6570=IFCAXIS2PLACEMENT3D(#6567,#6568,#6569);
#6571=IFCDIRECTION((0.,0.,1.));
#6572=IFCEXTRUDEDAREASOLID(#6566,#6570,#6571,0.02);
#6573=IFCEXTRUDEDAREASOLID(#6574,#6577,#6581,0.02);
#6574=IFCARBITRARYCLOSEDPROFILEDEF(.AREA.,$,#6575);
#6575=IFCINDEXEDPOLYCURVE(#6576,(IFCLINEINDEX((1,2,3,4,5,6,1))),$);
#6576=IFCCARTESIANPOINTLIST2D(((0.,0.),(0.,0.040000000000000008),(-0.11999999999999988,0.040000000000000008),(-0.11999999999999988,0.020000000000000004),(-0.020000000000000018,0.020000000000000004),(-0.020000000000000018,0.)));
#6577=IFCAXIS2PLACEMENT3D(#6578,#6579,#6580);
#6578=IFCCARTESIANPOINT((0.66682963334023948,0.060000000521540642,1.015000000372529));
#6579=IFCDIRECTION((0.,0.,1.));
#6580=IFCDIRECTION((1.,0.,0.));
#6581=IFCDIRECTION((0.,0.,1.));
#6583=IFCSHAPEREPRESENTATION(#11,'Body','SweptSolid',(#6664,#6527,#6655,#6536,#6518,#6646,#6554,#6673,#6637,#6545));
#6584=IFCSHAPEASPECT((#6583),'Lining',$,.T.,#6451);
#6585=IFCSHAPEREPRESENTATION(#11,'Body','SweptSolid',(#6692,#6691,#6572,#6573,#6682,#6563));
#6586=IFCSHAPEASPECT((#6585),'Framing',$,.T.,#6451);
#6626=IFCCARTESIANPOINTLIST3D(((0.,0.,0.),(0.74182963371276855,0.,0.),(0.74182963371276855,0.,2.),(0.,0.,2.)));
#6627=IFCINDEXEDPOLYCURVE(#6626,(IFCLINEINDEX((1,2,3,4,1))),$);
#6628=IFCSHAPEREPRESENTATION(#18,'Profile','Curve3D',(#6627));
#6629=IFCCARTESIANPOINTLIST2D(((0.,0.),(0.,2.),(0.74182963371276855,2.),(0.74182963371276855,0.),(0.71682963334023952,0.),(0.71682963334023952,1.974999999627471),(0.02500000037252903,1.974999999627471),(0.02500000037252903,0.)));
#6630=IFCINDEXEDPOLYCURVE(#6629,(IFCLINEINDEX((1,2,3,4,5,6,7,8,1))),$);
#6631=IFCARBITRARYCLOSEDPROFILEDEF(.AREA.,$,#6630);
#6632=IFCCARTESIANPOINT((0.,0.02500000037252903,0.));
#6633=IFCDIRECTION((0.,-1.,0.));
#6634=IFCDIRECTION((1.,0.,0.));
#6635=IFCAXIS2PLACEMENT3D(#6632,#6633,#6634);
#6636=IFCDIRECTION((0.,0.,-1.));
#6637=IFCEXTRUDEDAREASOLID(#6631,#6635,#6636,0.02500000037252903);
#6638=IFCCARTESIANPOINTLIST2D(((0.,0.),(0.,2.),(0.74182963371276855,2.),(0.74182963371276855,0.),(0.69182963296771049,0.),(0.69182963296771049,1.9499999992549419),(0.05000000074505806,1.9499999992549419),(0.05000000074505806,0.)));
#6639=IFCINDEXEDPOLYCURVE(#6638,(IFCLINEINDEX((1,2,3,4,5,6,7,8,1))),$);
#6640=IFCARBITRARYCLOSEDPROFILEDEF(.AREA.,$,#6639);
#6641=IFCCARTESIANPOINT((0.,0.,0.));
#6642=IFCDIRECTION((0.,-1.,0.));
#6643=IFCDIRECTION((1.,0.,0.));
#6644=IFCAXIS2PLACEMENT3D(#6641,#6642,#6643);
#6645=IFCDIRECTION((0.,0.,-1.));
#6646=IFCEXTRUDEDAREASOLID(#6640,#6644,#6645,0.02500000037252903);
#6647=IFCCARTESIANPOINTLIST2D(((0.,0.),(0.64182963222265244,0.),(0.64182963222265244,0.10000000149011612),(0.,0.10000000149011612)));
#6648=IFCINDEXEDPOLYCURVE(#6647,(IFCLINEINDEX((1,2,3,4,1))),$);
#6649=IFCARBITRARYCLOSEDPROFILEDEF(.AREA.,$,#6648);
#6650=IFCCARTESIANPOINT((0.05000000074505806,0.,0.));
#6651=IFCDIRECTION((0.,0.,1.));
#6652=IFCDIRECTION((1.,0.,0.));
#6653=IFCAXIS2PLACEMENT3D(#6650,#6651,#6652);
#6654=IFCDIRECTION((0.,0.,1.));
#6655=IFCEXTRUDEDAREASOLID(#6649,#6653,#6654,0.02500000037252903);
#6656=IFCCARTESIANPOINTLIST2D(((0.,0.),(0.,2.0250000022351742),(0.79182963818311691,2.0250000022351742),(0.79182963818311691,0.),(0.71682963520288467,0.),(0.71682963520288467,1.9499999992549419),(0.075000002980232239,1.9499999992549419),(0.075000002980232239,0.)));
#6657=IFCINDEXEDPOLYCURVE(#6656,(IFCLINEINDEX((1,2,3,4,5,6,7,8,1))),$);
#6658=IFCARBITRARYCLOSEDPROFILEDEF(.AREA.,$,#6657);
#6659=IFCCARTESIANPOINT((-0.025000002235174179,-0.004999999888241291,0.));
#6660=IFCDIRECTION((0.,-1.,0.));
#6661=IFCDIRECTION((1.,0.,0.));
#6662=IFCAXIS2PLACEMENT3D(#6659,#6660,#6661);
#6663=IFCDIRECTION((0.,0.,-1.));
#6664=IFCEXTRUDEDAREASOLID(#6658,#6662,#6663,0.004999999888241291);
#6665=IFCCARTESIANPOINTLIST2D(((0.,0.),(0.,2.0250000022351742),(0.79182963818311691,2.0250000022351742),(0.79182963818311691,0.),(0.7418296355754137,0.),(0.7418296355754137,1.974999999627471),(0.050000002607703209,1.974999999627471),(0.050000002607703209,0.)));
#6666=IFCINDEXEDPOLYCURVE(#6665,(IFCLINEINDEX((1,2,3,4,5,6,7,8,1))),$);
#6667=IFCARBITRARYCLOSEDPROFILEDEF(.AREA.,$,#6666);
#6668=IFCCARTESIANPOINT((-0.025000002235174179,0.05000000074505806,0.));
#6669=IFCDIRECTION((0.,-1.,0.));
#6670=IFCDIRECTION((1.,0.,0.));
#6671=IFCAXIS2PLACEMENT3D(#6668,#6669,#6670);
#6672=IFCDIRECTION((0.,0.,-1.));
#6673=IFCEXTRUDEDAREASOLID(#6667,#6671,#6672,0.004999999888241291);
#6674=IFCCARTESIANPOINTLIST2D(((0.,0.),(0.69182963296771049,0.),(0.69182963296771049,0.035000000149011612),(0.,0.035000000149011612)));
#6675=IFCINDEXEDPOLYCURVE(#6674,(IFCLINEINDEX((1,2,3,4,1))),$);
#6676=IFCARBITRARYCLOSEDPROFILEDEF(.AREA.,$,#6675);
#6677=IFCCARTESIANPOINT((0.02500000037252903,0.02500000037252903,0.02500000037252903));
#6678=IFCDIRECTION((0.,0.,1.));
#6679=IFCDIRECTION((1.,0.,0.));
#6680=IFCAXIS2PLACEMENT3D(#6677,#6678,#6679);
#6681=IFCDIRECTION((0.,0.,1.));
#6682=IFCEXTRUDEDAREASOLID(#6676,#6680,#6681,1.9499999992549419);
#6683=IFCCARTESIANPOINTLIST2D(((0.,0.),(0.,-0.040000000000000001),(-0.11999999999999988,-0.040000000000000001),(-0.11999999999999988,-0.02),(-0.020000000000000018,-0.02),(-0.020000000000000018,0.)));
#6684=IFCINDEXEDPOLYCURVE(#6683,(IFCLINEINDEX((1,2,3,4,5,6,1))),$);
#6685=IFCARBITRARYCLOSEDPROFILEDEF(.AREA.,$,#6684);
#6686=IFCCARTESIANPOINT((0.66682963334023948,0.02500000037252903,1.015000000372529));
#6687=IFCDIRECTION((0.,0.,1.));
#6688=IFCDIRECTION((1.,0.,0.));
#6689=IFCAXIS2PLACEMENT3D(#6686,#6687,#6688);
#6690=IFCDIRECTION((0.,0.,1.));
#6691=IFCEXTRUDEDAREASOLID(#6685,#6689,#6690,0.02);
#6692=IFCEXTRUDEDAREASOLID(#6693,#6696,#6700,0.02);
#6693=IFCARBITRARYCLOSEDPROFILEDEF(.AREA.,$,#6694);
#6694=IFCINDEXEDPOLYCURVE(#6695,(IFCLINEINDEX((1,2,3,4,5,6,1))),$);
#6695=IFCCARTESIANPOINTLIST2D(((0.,0.),(0.,0.040000000000000008),(-0.11999999999999988,0.040000000000000008),(-0.11999999999999988,0.020000000000000004),(-0.020000000000000018,0.020000000000000004),(-0.020000000000000018,0.)));
#6696=IFCAXIS2PLACEMENT3D(#6697,#6698,#6699);
#6697=IFCCARTESIANPOINT((0.66682963334023948,0.060000000521540642,1.015000000372529));
#6698=IFCDIRECTION((0.,0.,1.));
#6699=IFCDIRECTION((1.,0.,0.));
#6700=IFCDIRECTION((0.,0.,1.));
#6701=IFCSHAPEREPRESENTATION(#11,'Body','SweptSolid',(#6637,#6646,#6682,#6691,#6692,#6655,#6664,#6673));
#6702=IFCCARTESIANPOINTLIST2D(((0.,0.),(0.,0.05000000074505806),(0.02500000037252903,0.05000000074505806),(0.02500000037252903,0.02500000037252903),(0.05000000074505806,0.02500000037252903),(0.05000000074505806,0.)));
#6703=IFCINDEXEDPOLYCURVE(#6702,(IFCLINEINDEX((1,2,3,4,5,6,1))),$);
#6704=IFCINDEXEDPOLYCURVE(#6705,(IFCLINEINDEX((1,2,3,4,5,6,1))),$);
#6705=IFCCARTESIANPOINTLIST2D(((0.74182963371276855,0.),(0.74182963371276855,0.05000000074505806),(0.71682963334023952,0.05000000074505806),(0.71682963334023952,0.02500000037252903),(0.69182963296771049,0.02500000037252903),(0.69182963296771049,0.)));
#6706=IFCDIRECTION((1.,0.));
#6707=IFCCARTESIANPOINT((0.060000000521540642,0.05000000074505806));
#6708=IFCAXIS2PLACEMENT2D(#6707,#6706);
#6709=IFCELLIPSE(#6708,0.65682963281869888,0.69182963296771049);
#6710=IFCCARTESIANPOINT((0.71682963334023952,0.05000000074505806));
#6711=IFCCARTESIANPOINT((0.060000000521540642,0.74182963371276855));
#6712=IFCTRIMMEDCURVE(#6709,(#6710),(#6711),.T.,.CARTESIAN.);
#6713=IFCCARTESIANPOINTLIST2D(((0.02500000037252903,0.05000000074505806),(0.060000000521540642,0.05000000074505806),(0.060000000521540642,0.74182963371276855),(0.02500000037252903,0.74182963371276855)));
#6714=IFCINDEXEDPOLYCURVE(#6713,(IFCLINEINDEX((1,2,3,4,1))),$);
#6715=IFCSHAPEREPRESENTATION(#24,'Body','Curve2D',(#6703,#6704,#6712,#6714));
#6716=IFCCARTESIANPOINTLIST2D(((0.,0.),(0.74182963371276855,0.),(0.74182963371276855,2.),(0.,2.)));
#6717=IFCINDEXEDPOLYCURVE(#6716,(IFCLINEINDEX((1,2,3,4,1))),$);
#6718=IFCARBITRARYCLOSEDPROFILEDEF(.AREA.,$,#6717);
#6719=IFCCARTESIANPOINT((0.,-0.60000002384185791,0.));
#6720=IFCDIRECTION((0.,-1.,0.));
#6721=IFCDIRECTION((1.,0.,0.));
#6722=IFCAXIS2PLACEMENT3D(#6719,#6720,#6721);
#6723=IFCDIRECTION((0.,0.,-1.));
#6724=IFCEXTRUDEDAREASOLID(#6718,#6722,#6723,1.2);
#6725=IFCSHAPEREPRESENTATION(#11,'Body','SweptSolid',(#6724));
#6731=IFCCARTESIANPOINT((3.4612427862483397,0.099999253549706957,0.));
#6732=IFCDIRECTION((0.,0.,1.));
#6733=IFCDIRECTION((-0.99999999999992406,3.894143816296034E-07,0.));
#6734=IFCAXIS2PLACEMENT3D(#6731,#6732,#6733);
#6735=IFCLOCALPLACEMENT(#5839,#6734);
#6736=IFCCARTESIANPOINT((-2.2204460492503131E-16,0.,0.));
#6737=IFCDIRECTION((0.,0.,1.));
#6738=IFCDIRECTION((1.,1.0587911840678754E-22,0.));
#6739=IFCAXIS2PLACEMENT3D(#6736,#6737,#6738);
#6740=IFCLOCALPLACEMENT(#6735,#6739);
#6741=IFCDOORTYPE('0DDvyQlTX0ruN8Ym$4nlMo',$,'Bedroom - 1 - 2nd',$,$,(#6742),(#6744,#6752,#6830),$,$,.DOOR.,.SINGLE_SWING_LEFT.,$,$);
#6742=IFCPROPERTYSET('2vntOh99T4HQoAYLAu9qiQ',$,'BBIM_Door',$,(#6743));
#6743=IFCPROPERTYSINGLEVALUE('Data',$,IFCTEXT('{"door_type": "SINGLE_SWING_LEFT", "overall_height": 2.0, "overall_width": 0.8999999761581421, "lining_properties": {"lining_depth": 0.05000000074505806, "lining_thickness": 0.05000000074505806, "lining_offset": 0.0, "lining_to_panel_offset_x": 0.02500000037252903, "lining_to_panel_offset_y": 0.02500000037252903, "transom_thickness": 0.0, "casing_thickness": 0.07500000298023224, "casing_depth": 0.004999999888241291, "threshold_thickness": 0.02500000037252903, "threshold_depth": 0.10000000149011612, "threshold_offset": 0.0}, "panel_properties": {"panel_depth": 0.03500000014901161, "panel_width_ratio": 1.0}}'),$);
#6744=IFCREPRESENTATIONMAP(#6745,#6749);
#6745=IFCAXIS2PLACEMENT3D(#6746,#6747,#6748);
#6746=IFCCARTESIANPOINT((0.,0.,0.));
#6747=IFCDIRECTION((0.,0.,1.));
#6748=IFCDIRECTION((1.,0.,0.));
#6749=IFCSHAPEREPRESENTATION(#18,'Profile','Curve3D',(#6750));
#6750=IFCINDEXEDPOLYCURVE(#6751,(IFCLINEINDEX((1,2,3,4,1))),$);
#6751=IFCCARTESIANPOINTLIST3D(((0.,0.,0.),(0.89999997615814209,0.,0.),(0.89999997615814209,0.,2.),(0.,0.,2.)));
#6752=IFCREPRESENTATIONMAP(#6753,#6757);
#6753=IFCAXIS2PLACEMENT3D(#6754,#6755,#6756);
#6754=IFCCARTESIANPOINT((0.,0.,0.));
#6755=IFCDIRECTION((0.,0.,1.));
#6756=IFCDIRECTION((1.,0.,0.));
#6757=IFCSHAPEREPRESENTATION(#11,'Body','SweptSolid',(#6758,#6767,#6776,#6785,#6794,#6803,#6812,#6821));
#6758=IFCEXTRUDEDAREASOLID(#6759,#6762,#6766,0.02500000037252903);
#6759=IFCARBITRARYCLOSEDPROFILEDEF(.AREA.,$,#6760);
#6760=IFCINDEXEDPOLYCURVE(#6761,(IFCLINEINDEX((1,2,3,4,5,6,7,8,1))),$);
#6761=IFCCARTESIANPOINTLIST2D(((0.,0.),(0.,2.),(0.89999997615814209,2.),(0.89999997615814209,0.),(0.87499997578561306,0.),(0.87499997578561306,1.974999999627471),(0.02500000037252903,1.974999999627471),(0.02500000037252903,0.)));
#6762=IFCAXIS2PLACEMENT3D(#6763,#6764,#6765);
#6763=IFCCARTESIANPOINT((0.,0.02500000037252903,0.));
#6764=IFCDIRECTION((0.,-1.,0.));
#6765=IFCDIRECTION((1.,0.,0.));
#6766=IFCDIRECTION((0.,0.,-1.));
#6767=IFCEXTRUDEDAREASOLID(#6768,#6771,#6775,0.02500000037252903);
#6768=IFCARBITRARYCLOSEDPROFILEDEF(.AREA.,$,#6769);
#6769=IFCINDEXEDPOLYCURVE(#6770,(IFCLINEINDEX((1,2,3,4,5,6,7,8,1))),$);
#6770=IFCCARTESIANPOINTLIST2D(((0.,0.),(0.,2.),(0.89999997615814209,2.),(0.89999997615814209,0.),(0.84999997541308403,0.),(0.84999997541308403,1.9499999992549419),(0.05000000074505806,1.9499999992549419),(0.05000000074505806,0.)));
#6771=IFCAXIS2PLACEMENT3D(#6772,#6773,#6774);
#6772=IFCCARTESIANPOINT((0.,0.,0.));
#6773=IFCDIRECTION((0.,-1.,0.));
#6774=IFCDIRECTION((1.,0.,0.));
#6775=IFCDIRECTION((0.,0.,-1.));
#6776=IFCEXTRUDEDAREASOLID(#6777,#6780,#6784,1.9499999992549419);
#6777=IFCARBITRARYCLOSEDPROFILEDEF(.AREA.,$,#6778);
#6778=IFCINDEXEDPOLYCURVE(#6779,(IFCLINEINDEX((1,2,3,4,1))),$);
#6779=IFCCARTESIANPOINTLIST2D(((0.,0.),(0.84999997541308403,0.),(0.84999997541308403,0.035000000149011612),(0.,0.035000000149011612)));
#6780=IFCAXIS2PLACEMENT3D(#6781,#6782,#6783);
#6781=IFCCARTESIANPOINT((0.02500000037252903,0.02500000037252903,0.02500000037252903));
#6782=IFCDIRECTION((0.,0.,1.));
#6783=IFCDIRECTION((1.,0.,0.));
#6784=IFCDIRECTION((0.,0.,1.));
#6785=IFCEXTRUDEDAREASOLID(#6786,#6789,#6793,0.02);
#6786=IFCARBITRARYCLOSEDPROFILEDEF(.AREA.,$,#6787);
#6787=IFCINDEXEDPOLYCURVE(#6788,(IFCLINEINDEX((1,2,3,4,5,6,1))),$);
#6788=IFCCARTESIANPOINTLIST2D(((0.,0.),(0.,-0.040000000000000001),(-0.11999999999999988,-0.040000000000000001),(-0.11999999999999988,-0.02),(-0.020000000000000018,-0.02),(-0.020000000000000018,0.)));
#6789=IFCAXIS2PLACEMENT3D(#6790,#6791,#6792);
#6790=IFCCARTESIANPOINT((0.82499997578561302,0.02500000037252903,1.015000000372529));
#6791=IFCDIRECTION((0.,0.,1.));
#6792=IFCDIRECTION((1.,0.,0.));
#6793=IFCDIRECTION((0.,0.,1.));
#6794=IFCEXTRUDEDAREASOLID(#6795,#6798,#6802,0.02);
#6795=IFCARBITRARYCLOSEDPROFILEDEF(.AREA.,$,#6796);
#6796=IFCINDEXEDPOLYCURVE(#6797,(IFCLINEINDEX((1,2,3,4,5,6,1))),$);
#6797=IFCCARTESIANPOINTLIST2D(((0.,0.),(0.,0.040000000000000008),(-0.11999999999999988,0.040000000000000008),(-0.11999999999999988,0.020000000000000004),(-0.020000000000000018,0.020000000000000004),(-0.020000000000000018,0.)));
#6798=IFCAXIS2PLACEMENT3D(#6799,#6800,#6801);
#6799=IFCCARTESIANPOINT((0.82499997578561302,0.060000000521540642,1.015000000372529));
#6800=IFCDIRECTION((0.,0.,1.));
#6801=IFCDIRECTION((1.,0.,0.));
#6802=IFCDIRECTION((0.,0.,1.));
#6803=IFCEXTRUDEDAREASOLID(#6804,#6807,#6811,0.02500000037252903);
#6804=IFCARBITRARYCLOSEDPROFILEDEF(.AREA.,$,#6805);
#6805=IFCINDEXEDPOLYCURVE(#6806,(IFCLINEINDEX((1,2,3,4,1))),$);
#6806=IFCCARTESIANPOINTLIST2D(((0.,0.),(0.79999997466802597,0.),(0.79999997466802597,0.10000000149011612),(0.,0.10000000149011612)));
#6807=IFCAXIS2PLACEMENT3D(#6808,#6809,#6810);
#6808=IFCCARTESIANPOINT((0.05000000074505806,0.,0.));
#6809=IFCDIRECTION((0.,0.,1.));
#6810=IFCDIRECTION((1.,0.,0.));
#6811=IFCDIRECTION((0.,0.,1.));
#6812=IFCEXTRUDEDAREASOLID(#6813,#6816,#6820,0.004999999888241291);
#6813=IFCARBITRARYCLOSEDPROFILEDEF(.AREA.,$,#6814);
#6814=IFCINDEXEDPOLYCURVE(#6815,(IFCLINEINDEX((1,2,3,4,5,6,7,8,1))),$);
#6815=IFCCARTESIANPOINTLIST2D(((0.,0.),(0.,2.0250000022351742),(0.94999998062849045,2.0250000022351742),(0.94999998062849045,0.),(0.87499997764825821,0.),(0.87499997764825821,1.9499999992549419),(0.075000002980232239,1.9499999992549419),(0.075000002980232239,0.)));
#6816=IFCAXIS2PLACEMENT3D(#6817,#6818,#6819);
#6817=IFCCARTESIANPOINT((-0.025000002235174179,-0.004999999888241291,0.));
#6818=IFCDIRECTION((0.,-1.,0.));
#6819=IFCDIRECTION((1.,0.,0.));
#6820=IFCDIRECTION((0.,0.,-1.));
#6821=IFCEXTRUDEDAREASOLID(#6822,#6825,#6829,0.004999999888241291);
#6822=IFCARBITRARYCLOSEDPROFILEDEF(.AREA.,$,#6823);
#6823=IFCINDEXEDPOLYCURVE(#6824,(IFCLINEINDEX((1,2,3,4,5,6,7,8,1))),$);
#6824=IFCCARTESIANPOINTLIST2D(((0.,0.),(0.,2.0250000022351742),(0.94999998062849045,2.0250000022351742),(0.94999998062849045,0.),(0.89999997802078724,0.),(0.89999997802078724,1.974999999627471),(0.050000002607703209,1.974999999627471),(0.050000002607703209,0.)));
#6825=IFCAXIS2PLACEMENT3D(#6826,#6827,#6828);
#6826=IFCCARTESIANPOINT((-0.025000002235174179,0.05000000074505806,0.));
#6827=IFCDIRECTION((0.,-1.,0.));
#6828=IFCDIRECTION((1.,0.,0.));
#6829=IFCDIRECTION((0.,0.,-1.));
#6830=IFCREPRESENTATIONMAP(#6831,#6835);
#6831=IFCAXIS2PLACEMENT3D(#6832,#6833,#6834);
#6832=IFCCARTESIANPOINT((0.,0.,0.));
#6833=IFCDIRECTION((0.,0.,1.));
#6834=IFCDIRECTION((1.,0.,0.));
#6835=IFCSHAPEREPRESENTATION(#24,'Body','Curve2D',(#6836,#6838,#6840,#6847));
#6836=IFCINDEXEDPOLYCURVE(#6837,(IFCLINEINDEX((1,2,3,4,5,6,1))),$);
#6837=IFCCARTESIANPOINTLIST2D(((0.,0.),(0.,0.05000000074505806),(0.02500000037252903,0.05000000074505806),(0.02500000037252903,0.02500000037252903),(0.05000000074505806,0.02500000037252903),(0.05000000074505806,0.)));
#6838=IFCINDEXEDPOLYCURVE(#6839,(IFCLINEINDEX((1,2,3,4,5,6,1))),$);
#6839=IFCCARTESIANPOINTLIST2D(((0.89999997615814209,0.),(0.89999997615814209,0.05000000074505806),(0.87499997578561306,0.05000000074505806),(0.87499997578561306,0.02500000037252903),(0.84999997541308403,0.02500000037252903),(0.84999997541308403,0.)));
#6840=IFCTRIMMEDCURVE(#6841,(#6845),(#6846),.T.,.CARTESIAN.);
#6841=IFCELLIPSE(#6842,0.81499997526407242,0.84999997541308403);
#6842=IFCAXIS2PLACEMENT2D(#6843,#6844);
#6843=IFCCARTESIANPOINT((0.060000000521540642,0.05000000074505806));
#6844=IFCDIRECTION((1.,0.));
#6845=IFCCARTESIANPOINT((0.87499997578561306,0.05000000074505806));
#6846=IFCCARTESIANPOINT((0.060000000521540642,0.89999997615814209));
#6847=IFCINDEXEDPOLYCURVE(#6848,(IFCLINEINDEX((1,2,3,4,1))),$);
#6848=IFCCARTESIANPOINTLIST2D(((0.02500000037252903,0.05000000074505806),(0.060000000521540642,0.05000000074505806),(0.060000000521540642,0.89999997615814209),(0.02500000037252903,0.89999997615814209)));
#6849=IFCDOOR('0c5mBjexDEcPIvhvv3PdOJ',$,'Door',$,$,#7400,#6858,$,2.,0.89999997615814209,$,$,$);
#6850=IFCRELDEFINESBYTYPE('1Z$6pRTOX9n8jI_qu9K5t2',$,$,$,(#6849),#6741);
#6851=IFCCARTESIANPOINT((0.,0.,0.));
#6852=IFCDIRECTION((1.,0.,0.));
#6853=IFCDIRECTION((0.,1.,0.));
#6854=IFCDIRECTION((0.,0.,1.));
#6855=IFCCARTESIANTRANSFORMATIONOPERATOR3D(#6852,#6853,#6851,1.,#6854);
#6856=IFCMAPPEDITEM(#6744,#6855);
#6857=IFCSHAPEREPRESENTATION(#18,'Profile','MappedRepresentation',(#6856));
#6858=IFCPRODUCTDEFINITIONSHAPE($,$,(#6857,#6865,#6872));
#6859=IFCCARTESIANPOINT((0.,0.,0.));
#6860=IFCDIRECTION((1.,0.,0.));
#6861=IFCDIRECTION((0.,1.,0.));
#6862=IFCDIRECTION((0.,0.,1.));
#6863=IFCCARTESIANTRANSFORMATIONOPERATOR3D(#6860,#6861,#6859,1.,#6862);
#6864=IFCMAPPEDITEM(#6752,#6863);
#6865=IFCSHAPEREPRESENTATION(#11,'Body','MappedRepresentation',(#6864));
#6866=IFCCARTESIANPOINT((0.,0.,0.));
#6867=IFCDIRECTION((1.,0.,0.));
#6868=IFCDIRECTION((0.,1.,0.));
#6869=IFCDIRECTION((0.,0.,1.));
#6870=IFCCARTESIANTRANSFORMATIONOPERATOR3D(#6867,#6868,#6866,1.,#6869);
#6871=IFCMAPPEDITEM(#6830,#6870);
#6872=IFCSHAPEREPRESENTATION(#24,'Body','MappedRepresentation',(#6871));
#6873=IFCOPENINGELEMENT('3s_4otzh5EvgN75G$fKwUL',$,'Opening',$,$,#6953,#6901,$,.OPENING.);
#6879=IFCCARTESIANPOINTLIST2D(((0.,0.),(0.89999997615814209,0.),(0.89999997615814209,2.),(0.,2.)));
#6880=IFCINDEXEDPOLYCURVE(#6879,(IFCLINEINDEX((1,2,3,4,1))),$);
#6881=IFCARBITRARYCLOSEDPROFILEDEF(.AREA.,$,#6880);
#6882=IFCCARTESIANPOINT((0.,-0.60000002384185791,0.));
#6883=IFCDIRECTION((0.,-1.,0.));
#6884=IFCDIRECTION((1.,0.,0.));
#6885=IFCAXIS2PLACEMENT3D(#6882,#6883,#6884);
#6886=IFCDIRECTION((0.,0.,-1.));
#6887=IFCEXTRUDEDAREASOLID(#6881,#6885,#6886,1.2);
#6888=IFCSHAPEREPRESENTATION(#11,'Body','SweptSolid',(#6887));
#6889=IFCCARTESIANPOINT((0.,0.,0.));
#6890=IFCDIRECTION((1.,0.,0.));
#6891=IFCDIRECTION((0.,0.,1.));
#6892=IFCAXIS2PLACEMENT3D(#6889,#6891,#6890);
#6893=IFCREPRESENTATIONMAP(#6892,#6888);
#6894=IFCCARTESIANPOINT((0.,0.,0.));
#6895=IFCDIRECTION((1.,0.,0.));
#6896=IFCDIRECTION((0.,1.,0.));
#6897=IFCDIRECTION((0.,0.,1.));
#6898=IFCCARTESIANTRANSFORMATIONOPERATOR3D(#6895,#6896,#6894,1.,#6897);
#6899=IFCMAPPEDITEM(#6893,#6898);
#6900=IFCSHAPEREPRESENTATION(#11,'Body','MappedRepresentation',(#6899));
#6901=IFCPRODUCTDEFINITIONSHAPE($,$,(#6900));
#6902=IFCRELVOIDSELEMENT('06TrUvnoD8nfrFyHI1UFfu',$,$,$,#5936,#6873);
#6908=IFCRELFILLSELEMENT('0rnYuHfDL3heV3OKpZkmmI',$,$,$,#6873,#6849);
#6949=IFCCARTESIANPOINT((4.2614911794662911,-4.233244194074004E-07,0.));
#6950=IFCDIRECTION((0.,0.,1.));
#6951=IFCDIRECTION((0.99999999999997147,-2.384185719961227E-07,0.));
#6952=IFCAXIS2PLACEMENT3D(#6949,#6950,#6951);
#6953=IFCLOCALPLACEMENT(#5947,#6952);
#6959=IFCDOORTYPE('2P2cUWV5nCpxOHk0ZXBBaw',$,'Bedroom - 2 - 2nd',$,$,(#6960),(#6962,#6970,#7048),$,$,.DOOR.,.SINGLE_SWING_LEFT.,$,$);
#6960=IFCPROPERTYSET('0LyQv3oX15aeIIm_YbSHlN',$,'BBIM_Door',$,(#6961));
#6961=IFCPROPERTYSINGLEVALUE('Data',$,IFCTEXT('{"door_type": "SINGLE_SWING_RIGHT", "overall_height": 2.0, "overall_width": 0.8943008184432983, "lining_properties": {"lining_depth": 0.05000000074505806, "lining_thickness": 0.05000000074505806, "lining_offset": 0.0, "lining_to_panel_offset_x": 0.02500000037252903, "lining_to_panel_offset_y": 0.02500000037252903, "transom_thickness": 0.0, "casing_thickness": 0.07500000298023224, "casing_depth": 0.004999999888241291, "threshold_thickness": 0.02500000037252903, "threshold_depth": 0.10000000149011612, "threshold_offset": 0.0}, "panel_properties": {"panel_depth": 0.03500000014901161, "panel_width_ratio": 1.0}}'),$);
#6962=IFCREPRESENTATIONMAP(#6963,#7283);
#6963=IFCAXIS2PLACEMENT3D(#6964,#6965,#6966);
#6964=IFCCARTESIANPOINT((0.,0.,0.));
#6965=IFCDIRECTION((0.,0.,1.));
#6966=IFCDIRECTION((1.,0.,0.));
#6970=IFCREPRESENTATIONMAP(#6971,#7356);
#6971=IFCAXIS2PLACEMENT3D(#6972,#6973,#6974);
#6972=IFCCARTESIANPOINT((0.,0.,0.));
#6973=IFCDIRECTION((0.,0.,1.));
#6974=IFCDIRECTION((1.,0.,0.));
#7048=IFCREPRESENTATIONMAP(#7049,#7370);
#7049=IFCAXIS2PLACEMENT3D(#7050,#7051,#7052);
#7050=IFCCARTESIANPOINT((0.,0.,0.));
#7051=IFCDIRECTION((0.,0.,1.));
#7052=IFCDIRECTION((1.,0.,0.));
#7067=IFCDOOR('3eEIp$eNv5vwKnFp778FYP',$,'Door',$,$,#7395,#7076,$,2.,0.89430081844329834,$,.SINGLE_SWING_RIGHT.,$);
#7068=IFCRELDEFINESBYTYPE('2EjS8mI3LEHeURCjdnRdsQ',$,$,$,(#7067),#6959);
#7069=IFCCARTESIANPOINT((0.,0.,0.));
#7070=IFCDIRECTION((1.,0.,0.));
#7071=IFCDIRECTION((0.,1.,0.));
#7072=IFCDIRECTION((0.,0.,1.));
#7073=IFCCARTESIANTRANSFORMATIONOPERATOR3D(#7070,#7071,#7069,1.,#7072);
#7074=IFCMAPPEDITEM(#6962,#7073);
#7075=IFCSHAPEREPRESENTATION(#18,'Profile','MappedRepresentation',(#7074));
#7076=IFCPRODUCTDEFINITIONSHAPE($,$,(#7075,#7083,#7090));
#7077=IFCCARTESIANPOINT((0.,0.,0.));
#7078=IFCDIRECTION((1.,0.,0.));
#7079=IFCDIRECTION((0.,1.,0.));
#7080=IFCDIRECTION((0.,0.,1.));
#7081=IFCCARTESIANTRANSFORMATIONOPERATOR3D(#7078,#7079,#7077,1.,#7080);
#7082=IFCMAPPEDITEM(#6970,#7081);
#7083=IFCSHAPEREPRESENTATION(#11,'Body','MappedRepresentation',(#7082));
#7084=IFCCARTESIANPOINT((0.,0.,0.));
#7085=IFCDIRECTION((1.,0.,0.));
#7086=IFCDIRECTION((0.,1.,0.));
#7087=IFCDIRECTION((0.,0.,1.));
#7088=IFCCARTESIANTRANSFORMATIONOPERATOR3D(#7085,#7086,#7084,1.,#7087);
#7089=IFCMAPPEDITEM(#7048,#7088);
#7090=IFCSHAPEREPRESENTATION(#24,'Body','MappedRepresentation',(#7089));
#7091=IFCOPENINGELEMENT('10jqlGysjFW8L64r3UyYlg',$,'Opening',$,$,#7390,#7119,$,.OPENING.);
#7107=IFCCARTESIANPOINT((0.,0.,0.));
#7108=IFCDIRECTION((1.,0.,0.));
#7109=IFCDIRECTION((0.,0.,1.));
#7110=IFCAXIS2PLACEMENT3D(#7107,#7109,#7108);
#7111=IFCREPRESENTATIONMAP(#7110,#7380);
#7112=IFCCARTESIANPOINT((0.,0.,0.));
#7113=IFCDIRECTION((1.,0.,0.));
#7114=IFCDIRECTION((0.,1.,0.));
#7115=IFCDIRECTION((0.,0.,1.));
#7116=IFCCARTESIANTRANSFORMATIONOPERATOR3D(#7113,#7114,#7112,1.,#7115);
#7117=IFCMAPPEDITEM(#7111,#7116);
#7118=IFCSHAPEREPRESENTATION(#11,'Body','MappedRepresentation',(#7117));
#7119=IFCPRODUCTDEFINITIONSHAPE($,$,(#7118));
#7120=IFCRELVOIDSELEMENT('36210j$mb7IRtneLrS8naj',$,$,$,#6012,#7091);
#7126=IFCRELFILLSELEMENT('2acdisDNrBxBU$XGlnR4lG',$,$,$,#7091,#7067);
#7135=IFCCARTESIANPOINTLIST2D(((0.,0.),(0.,2.),(0.89430081844329834,2.),(0.89430081844329834,0.),(0.86930081807076931,0.),(0.86930081807076931,1.974999999627471),(0.02500000037252903,1.974999999627471),(0.02500000037252903,0.)));
#7136=IFCINDEXEDPOLYCURVE(#7135,(IFCLINEINDEX((1,2,3,4,5,6,7,8,1))),$);
#7137=IFCARBITRARYCLOSEDPROFILEDEF(.AREA.,$,#7136);
#7138=IFCCARTESIANPOINT((0.,0.02500000037252903,0.));
#7139=IFCDIRECTION((0.,-1.,0.));
#7140=IFCDIRECTION((1.,0.,0.));
#7141=IFCAXIS2PLACEMENT3D(#7138,#7139,#7140);
#7142=IFCDIRECTION((0.,0.,-1.));
#7143=IFCEXTRUDEDAREASOLID(#7137,#7141,#7142,0.02500000037252903);
#7144=IFCCARTESIANPOINTLIST2D(((0.,0.),(0.,2.),(0.89430081844329834,2.),(0.89430081844329834,0.),(0.84430081769824028,0.),(0.84430081769824028,1.9499999992549419),(0.05000000074505806,1.9499999992549419),(0.05000000074505806,0.)));
#7145=IFCINDEXEDPOLYCURVE(#7144,(IFCLINEINDEX((1,2,3,4,5,6,7,8,1))),$);
#7146=IFCARBITRARYCLOSEDPROFILEDEF(.AREA.,$,#7145);
#7147=IFCCARTESIANPOINT((0.,0.,0.));
#7148=IFCDIRECTION((0.,-1.,0.));
#7149=IFCDIRECTION((1.,0.,0.));
#7150=IFCAXIS2PLACEMENT3D(#7147,#7148,#7149);
#7151=IFCDIRECTION((0.,0.,-1.));
#7152=IFCEXTRUDEDAREASOLID(#7146,#7150,#7151,0.02500000037252903);
#7153=IFCCARTESIANPOINTLIST2D(((0.,0.),(0.79430081695318222,0.),(0.79430081695318222,0.10000000149011612),(0.,0.10000000149011612)));
#7154=IFCINDEXEDPOLYCURVE(#7153,(IFCLINEINDEX((1,2,3,4,1))),$);
#7155=IFCARBITRARYCLOSEDPROFILEDEF(.AREA.,$,#7154);
#7156=IFCCARTESIANPOINT((0.05000000074505806,0.,0.));
#7157=IFCDIRECTION((0.,0.,1.));
#7158=IFCDIRECTION((1.,0.,0.));
#7159=IFCAXIS2PLACEMENT3D(#7156,#7157,#7158);
#7160=IFCDIRECTION((0.,0.,1.));
#7161=IFCEXTRUDEDAREASOLID(#7155,#7159,#7160,0.02500000037252903);
#7162=IFCCARTESIANPOINTLIST2D(((0.,0.),(0.,2.0250000022351742),(0.9443008229136467,2.0250000022351742),(0.9443008229136467,0.),(0.86930081993341446,0.),(0.86930081993341446,1.9499999992549419),(0.075000002980232239,1.9499999992549419),(0.075000002980232239,0.)));
#7163=IFCINDEXEDPOLYCURVE(#7162,(IFCLINEINDEX((1,2,3,4,5,6,7,8,1))),$);
#7164=IFCARBITRARYCLOSEDPROFILEDEF(.AREA.,$,#7163);
#7165=IFCCARTESIANPOINT((-0.025000002235174179,-0.004999999888241291,0.));
#7166=IFCDIRECTION((0.,-1.,0.));
#7167=IFCDIRECTION((1.,0.,0.));
#7168=IFCAXIS2PLACEMENT3D(#7165,#7166,#7167);
#7169=IFCDIRECTION((0.,0.,-1.));
#7170=IFCEXTRUDEDAREASOLID(#7164,#7168,#7169,0.004999999888241291);
#7171=IFCCARTESIANPOINTLIST2D(((0.,0.),(0.,2.0250000022351742),(0.9443008229136467,2.0250000022351742),(0.9443008229136467,0.),(0.89430082030594349,0.),(0.89430082030594349,1.974999999627471),(0.050000002607703209,1.974999999627471),(0.050000002607703209,0.)));
#7172=IFCINDEXEDPOLYCURVE(#7171,(IFCLINEINDEX((1,2,3,4,5,6,7,8,1))),$);
#7173=IFCARBITRARYCLOSEDPROFILEDEF(.AREA.,$,#7172);
#7174=IFCCARTESIANPOINT((-0.025000002235174179,0.05000000074505806,0.));
#7175=IFCDIRECTION((0.,-1.,0.));
#7176=IFCDIRECTION((1.,0.,0.));
#7177=IFCAXIS2PLACEMENT3D(#7174,#7175,#7176);
#7178=IFCDIRECTION((0.,0.,-1.));
#7179=IFCEXTRUDEDAREASOLID(#7173,#7177,#7178,0.004999999888241291);
#7180=IFCCARTESIANPOINTLIST2D(((0.,0.),(0.84430081769824028,0.),(0.84430081769824028,0.035000000149011612),(0.,0.035000000149011612)));
#7181=IFCINDEXEDPOLYCURVE(#7180,(IFCLINEINDEX((1,2,3,4,1))),$);
#7182=IFCARBITRARYCLOSEDPROFILEDEF(.AREA.,$,#7181);
#7183=IFCCARTESIANPOINT((0.02500000037252903,0.02500000037252903,0.02500000037252903));
#7184=IFCDIRECTION((0.,0.,1.));
#7185=IFCDIRECTION((1.,0.,0.));
#7186=IFCAXIS2PLACEMENT3D(#7183,#7184,#7185);
#7187=IFCDIRECTION((0.,0.,1.));
#7188=IFCEXTRUDEDAREASOLID(#7182,#7186,#7187,1.9499999992549419);
#7189=IFCCARTESIANPOINTLIST2D(((0.,0.),(0.,-0.040000000000000001),(-0.11999999999999988,-0.040000000000000001),(-0.11999999999999988,-0.02),(-0.020000000000000018,-0.02),(-0.020000000000000018,0.)));
#7190=IFCINDEXEDPOLYCURVE(#7189,(IFCLINEINDEX((1,2,3,4,5,6,1))),$);
#7191=IFCARBITRARYCLOSEDPROFILEDEF(.AREA.,$,#7190);
#7192=IFCCARTESIANPOINT((0.81930081807076927,0.02500000037252903,1.015000000372529));
#7193=IFCDIRECTION((0.,0.,1.));
#7194=IFCDIRECTION((1.,0.,0.));
#7195=IFCAXIS2PLACEMENT3D(#7192,#7193,#7194);
#7196=IFCDIRECTION((0.,0.,1.));
#7197=IFCEXTRUDEDAREASOLID(#7191,#7195,#7196,0.02);
#7198=IFCEXTRUDEDAREASOLID(#7199,#7202,#7206,0.02);
#7199=IFCARBITRARYCLOSEDPROFILEDEF(.AREA.,$,#7200);
#7200=IFCINDEXEDPOLYCURVE(#7201,(IFCLINEINDEX((1,2,3,4,5,6,1))),$);
#7201=IFCCARTESIANPOINTLIST2D(((0.,0.),(0.,0.040000000000000008),(-0.11999999999999988,0.040000000000000008),(-0.11999999999999988,0.020000000000000004),(-0.020000000000000018,0.020000000000000004),(-0.020000000000000018,0.)));
#7202=IFCAXIS2PLACEMENT3D(#7203,#7204,#7205);
#7203=IFCCARTESIANPOINT((0.81930081807076927,0.060000000521540642,1.015000000372529));
#7204=IFCDIRECTION((0.,0.,1.));
#7205=IFCDIRECTION((1.,0.,0.));
#7206=IFCDIRECTION((0.,0.,1.));
#7208=IFCSHAPEREPRESENTATION(#11,'Body','SweptSolid',(#7292,#7152,#7179,#7143,#7170,#7328,#7161,#7319,#7310,#7301));
#7209=IFCSHAPEASPECT((#7208),'Lining',$,.T.,#7076);
#7210=IFCSHAPEREPRESENTATION(#11,'Body','SweptSolid',(#7346,#7347,#7337,#7197,#7198,#7188));
#7211=IFCSHAPEASPECT((#7210),'Framing',$,.T.,#7076);
#7281=IFCCARTESIANPOINTLIST3D(((0.,0.,0.),(0.89430081844329834,0.,0.),(0.89430081844329834,0.,2.),(0.,0.,2.)));
#7282=IFCINDEXEDPOLYCURVE(#7281,(IFCLINEINDEX((1,2,3,4,1))),$);
#7283=IFCSHAPEREPRESENTATION(#18,'Profile','Curve3D',(#7282));
#7284=IFCCARTESIANPOINTLIST2D(((0.,0.),(0.,2.),(0.89430081844329834,2.),(0.89430081844329834,0.),(0.86930081807076931,0.),(0.86930081807076931,1.974999999627471),(0.02500000037252903,1.974999999627471),(0.02500000037252903,0.)));
#7285=IFCINDEXEDPOLYCURVE(#7284,(IFCLINEINDEX((1,2,3,4,5,6,7,8,1))),$);
#7286=IFCARBITRARYCLOSEDPROFILEDEF(.AREA.,$,#7285);
#7287=IFCCARTESIANPOINT((0.,0.02500000037252903,0.));
#7288=IFCDIRECTION((0.,-1.,0.));
#7289=IFCDIRECTION((1.,0.,0.));
#7290=IFCAXIS2PLACEMENT3D(#7287,#7288,#7289);
#7291=IFCDIRECTION((0.,0.,-1.));
#7292=IFCEXTRUDEDAREASOLID(#7286,#7290,#7291,0.02500000037252903);
#7293=IFCCARTESIANPOINTLIST2D(((0.,0.),(0.,2.),(0.89430081844329834,2.),(0.89430081844329834,0.),(0.84430081769824028,0.),(0.84430081769824028,1.9499999992549419),(0.05000000074505806,1.9499999992549419),(0.05000000074505806,0.)));
#7294=IFCINDEXEDPOLYCURVE(#7293,(IFCLINEINDEX((1,2,3,4,5,6,7,8,1))),$);
#7295=IFCARBITRARYCLOSEDPROFILEDEF(.AREA.,$,#7294);
#7296=IFCCARTESIANPOINT((0.,0.,0.));
#7297=IFCDIRECTION((0.,-1.,0.));
#7298=IFCDIRECTION((1.,0.,0.));
#7299=IFCAXIS2PLACEMENT3D(#7296,#7297,#7298);
#7300=IFCDIRECTION((0.,0.,-1.));
#7301=IFCEXTRUDEDAREASOLID(#7295,#7299,#7300,0.02500000037252903);
#7302=IFCCARTESIANPOINTLIST2D(((0.,0.),(0.79430081695318222,0.),(0.79430081695318222,0.10000000149011612),(0.,0.10000000149011612)));
#7303=IFCINDEXEDPOLYCURVE(#7302,(IFCLINEINDEX((1,2,3,4,1))),$);
#7304=IFCARBITRARYCLOSEDPROFILEDEF(.AREA.,$,#7303);
#7305=IFCCARTESIANPOINT((0.05000000074505806,0.,0.));
#7306=IFCDIRECTION((0.,0.,1.));
#7307=IFCDIRECTION((1.,0.,0.));
#7308=IFCAXIS2PLACEMENT3D(#7305,#7306,#7307);
#7309=IFCDIRECTION((0.,0.,1.));
#7310=IFCEXTRUDEDAREASOLID(#7304,#7308,#7309,0.02500000037252903);
#7311=IFCCARTESIANPOINTLIST2D(((0.,0.),(0.,2.0250000022351742),(0.9443008229136467,2.0250000022351742),(0.9443008229136467,0.),(0.86930081993341446,0.),(0.86930081993341446,1.9499999992549419),(0.075000002980232239,1.9499999992549419),(0.075000002980232239,0.)));
#7312=IFCINDEXEDPOLYCURVE(#7311,(IFCLINEINDEX((1,2,3,4,5,6,7,8,1))),$);
#7313=IFCARBITRARYCLOSEDPROFILEDEF(.AREA.,$,#7312);
#7314=IFCCARTESIANPOINT((-0.025000002235174179,-0.004999999888241291,0.));
#7315=IFCDIRECTION((0.,-1.,0.));
#7316=IFCDIRECTION((1.,0.,0.));
#7317=IFCAXIS2PLACEMENT3D(#7314,#7315,#7316);
#7318=IFCDIRECTION((0.,0.,-1.));
#7319=IFCEXTRUDEDAREASOLID(#7313,#7317,#7318,0.004999999888241291);
#7320=IFCCARTESIANPOINTLIST2D(((0.,0.),(0.,2.0250000022351742),(0.9443008229136467,2.0250000022351742),(0.9443008229136467,0.),(0.89430082030594349,0.),(0.89430082030594349,1.974999999627471),(0.050000002607703209,1.974999999627471),(0.050000002607703209,0.)));
#7321=IFCINDEXEDPOLYCURVE(#7320,(IFCLINEINDEX((1,2,3,4,5,6,7,8,1))),$);
#7322=IFCARBITRARYCLOSEDPROFILEDEF(.AREA.,$,#7321);
#7323=IFCCARTESIANPOINT((-0.025000002235174179,0.05000000074505806,0.));
#7324=IFCDIRECTION((0.,-1.,0.));
#7325=IFCDIRECTION((1.,0.,0.));
#7326=IFCAXIS2PLACEMENT3D(#7323,#7324,#7325);
#7327=IFCDIRECTION((0.,0.,-1.));
#7328=IFCEXTRUDEDAREASOLID(#7322,#7326,#7327,0.004999999888241291);
#7329=IFCCARTESIANPOINTLIST2D(((0.,0.),(0.84430081769824028,0.),(0.84430081769824028,0.035000000149011612),(0.,0.035000000149011612)));
#7330=IFCINDEXEDPOLYCURVE(#7329,(IFCLINEINDEX((1,2,3,4,1))),$);
#7331=IFCARBITRARYCLOSEDPROFILEDEF(.AREA.,$,#7330);
#7332=IFCCARTESIANPOINT((0.02500000037252903,0.02500000037252903,0.02500000037252903));
#7333=IFCDIRECTION((0.,0.,1.));
#7334=IFCDIRECTION((1.,0.,0.));
#7335=IFCAXIS2PLACEMENT3D(#7332,#7333,#7334);
#7336=IFCDIRECTION((0.,0.,1.));
#7337=IFCEXTRUDEDAREASOLID(#7331,#7335,#7336,1.9499999992549419);
#7338=IFCCARTESIANPOINTLIST2D(((0.,0.),(0.,-0.040000000000000001),(0.12,-0.040000000000000001),(0.12,-0.02),(0.02,-0.02),(0.02,0.)));
#7339=IFCINDEXEDPOLYCURVE(#7338,(IFCLINEINDEX((1,2,3,4,5,6,1))),$);
#7340=IFCARBITRARYCLOSEDPROFILEDEF(.AREA.,$,#7339);
#7341=IFCCARTESIANPOINT((0.075000000372529033,0.02500000037252903,1.015000000372529));
#7342=IFCDIRECTION((0.,0.,1.));
#7343=IFCDIRECTION((1.,0.,0.));
#7344=IFCAXIS2PLACEMENT3D(#7341,#7342,#7343);
#7345=IFCDIRECTION((0.,0.,1.));
#7346=IFCEXTRUDEDAREASOLID(#7340,#7344,#7345,0.02);
#7347=IFCEXTRUDEDAREASOLID(#7348,#7351,#7355,0.02);
#7348=IFCARBITRARYCLOSEDPROFILEDEF(.AREA.,$,#7349);
#7349=IFCINDEXEDPOLYCURVE(#7350,(IFCLINEINDEX((1,2,3,4,5,6,1))),$);
#7350=IFCCARTESIANPOINTLIST2D(((0.,0.),(0.,0.040000000000000008),(0.11999999999999998,0.040000000000000008),(0.11999999999999998,0.020000000000000004),(0.020000000000000004,0.020000000000000004),(0.020000000000000004,0.)));
#7351=IFCAXIS2PLACEMENT3D(#7352,#7353,#7354);
#7352=IFCCARTESIANPOINT((0.075000000372529033,0.060000000521540642,1.015000000372529));
#7353=IFCDIRECTION((0.,0.,1.));
#7354=IFCDIRECTION((1.,0.,0.));
#7355=IFCDIRECTION((0.,0.,1.));
#7356=IFCSHAPEREPRESENTATION(#11,'Body','SweptSolid',(#7292,#7301,#7337,#7346,#7347,#7310,#7319,#7328));
#7357=IFCCARTESIANPOINTLIST2D(((0.,0.),(0.,0.05000000074505806),(0.02500000037252903,0.05000000074505806),(0.02500000037252903,0.02500000037252903),(0.05000000074505806,0.02500000037252903),(0.05000000074505806,0.)));
#7358=IFCINDEXEDPOLYCURVE(#7357,(IFCLINEINDEX((1,2,3,4,5,6,1))),$);
#7359=IFCINDEXEDPOLYCURVE(#7360,(IFCLINEINDEX((1,2,3,4,5,6,1))),$);
#7360=IFCCARTESIANPOINTLIST2D(((0.89430081844329834,0.),(0.89430081844329834,0.05000000074505806),(0.86930081807076931,0.05000000074505806),(0.86930081807076931,0.02500000037252903),(0.84430081769824028,0.02500000037252903),(0.84430081769824028,0.)));
#7361=IFCDIRECTION((1.,0.));
#7362=IFCCARTESIANPOINT((0.8343008179217577,0.05000000074505806));
#7363=IFCAXIS2PLACEMENT2D(#7362,#7361);
#7364=IFCELLIPSE(#7363,0.80930081754922867,0.84430081769824028);
#7365=IFCCARTESIANPOINT((0.8343008179217577,0.89430081844329834));
#7366=IFCCARTESIANPOINT((0.02500000037252903,0.05000000074505806));
#7367=IFCTRIMMEDCURVE(#7364,(#7365),(#7366),.T.,.CARTESIAN.);
#7368=IFCCARTESIANPOINTLIST2D(((0.86930081807076931,0.05000000074505806),(0.8343008179217577,0.05000000074505806),(0.8343008179217577,0.89430081844329834),(0.86930081807076931,0.89430081844329834)));
#7369=IFCINDEXEDPOLYCURVE(#7368,(IFCLINEINDEX((1,2,3,4,1))),$);
#7370=IFCSHAPEREPRESENTATION(#24,'Body','Curve2D',(#7358,#7359,#7367,#7369));
#7371=IFCCARTESIANPOINTLIST2D(((0.,0.),(0.89430081844329834,0.),(0.89430081844329834,2.),(0.,2.)));
#7372=IFCINDEXEDPOLYCURVE(#7371,(IFCLINEINDEX((1,2,3,4,1))),$);
#7373=IFCARBITRARYCLOSEDPROFILEDEF(.AREA.,$,#7372);
#7374=IFCCARTESIANPOINT((0.,-0.60000002384185791,0.));
#7375=IFCDIRECTION((0.,-1.,0.));
#7376=IFCDIRECTION((1.,0.,0.));
#7377=IFCAXIS2PLACEMENT3D(#7374,#7375,#7376);
#7378=IFCDIRECTION((0.,0.,-1.));
#7379=IFCEXTRUDEDAREASOLID(#7373,#7377,#7378,1.2);
#7380=IFCSHAPEREPRESENTATION(#11,'Body','SweptSolid',(#7379));
#7386=IFCCARTESIANPOINT((2.8299492912565043,0.015000541318479388,0.));
#7387=IFCDIRECTION((0.,0.,1.));
#7388=IFCDIRECTION((0.99999999999948253,-1.0172473281493814E-06,0.));
#7389=IFCAXIS2PLACEMENT3D(#7386,#7387,#7388);
#7390=IFCLOCALPLACEMENT(#6255,#7389);
#7391=IFCCARTESIANPOINT((2.2204460492503131E-16,0.,0.));
#7392=IFCDIRECTION((0.,0.,1.));
#7393=IFCDIRECTION((0.99999999999999989,2.1175823681357508E-22,0.));
#7394=IFCAXIS2PLACEMENT3D(#7391,#7392,#7393);
#7395=IFCLOCALPLACEMENT(#7390,#7394);
#7396=IFCCARTESIANPOINT((-4.4408920985006262E-16,0.,0.));
#7397=IFCDIRECTION((0.,0.,1.));
#7398=IFCDIRECTION((0.99999999999999989,5.2939559203393771E-23,0.));
#7399=IFCAXIS2PLACEMENT3D(#7396,#7397,#7398);
#7400=IFCLOCALPLACEMENT(#6953,#7399);
ENDSEC;
END-ISO-10303-21;
